,headline,url,publisher,date,stock
2,Agilent Technologies Announces Pricing of $5…… Million of Senior Notes,http://www.gurufocus.com/news/1153187/agilent-technologies-announces-pricing-of-500-million-of-senior-notes,GuruFocus,2020-06-01 00:00:00,A
3,Agilent (A) Gears Up for Q2 Earnings: What's in the Cards?,http://www.zacks.com/stock/news/931205/agilent-a-gears-up-for-q2-earnings-whats-in-the-cards?cid=CS-BENZ-FT-analyst_blog|earnings_preview-931205,Zacks,2020-05-18 00:00:00,A
4,J.P. Morgan Asset Management Announces Liquidation of Six Exchange-Traded Funds,http://www.gurufocus.com/news/1138923/jp-morgan-asset-management-announces-liquidation-of-six-exchangetraded-funds,GuruFocus,2020-05-15 00:00:00,A
5,"Pershing Square Capital Management, L.P. Buys Agilent Technologies Inc, The Howard Hughes Corp, ...",http://www.gurufocus.com/news/1138704/pershing-square-capital-management-lp-buys-agilent-technologies-inc-the-howard-hughes-corp-lowes-inc-sells-chipotle-mexican-grill-inc,GuruFocus,2020-05-15 00:00:00,A
6,Agilent Awards Trilogy Sciences with a Golden Ticket at LabCentral,http://www.gurufocus.com/news/1134012/agilent-awards-trilogy-sciences-with-a-golden-ticket-at-labcentral,GuruFocus,2020-05-12 00:00:00,A
7,Agilent Technologies Inc (A) CEO and President Michael R. Mcmullen Sold $–.4 million of Shares,http://www.gurufocus.com/news/1132985/agilent-technologies-inc-a-ceo-and-president-michael-r-mcmullen-sold-14-million-of-shares,GuruFocus,2020-05-11 00:00:00,A
8,' Stocks Growing Their Earnings Fast,http://www.gurufocus.com/news/1129235/3-stocks-growing-their-earnings-fast,GuruFocus,2020-05-07 00:00:00,A
9,"Cypress Asset Management Inc Buys Verizon Communications Inc, United Parcel Service Inc, ...",http://www.gurufocus.com/news/1128926/cypress-asset-management-inc-buys-verizon-communications-inc-united-parcel-service-inc-powershares-qqq-trust-ser-1-sells-the-walt-disney-co-honeywell-international-inc-eaton-corp-plc,GuruFocus,2020-05-07 00:00:00,A
10,"Hendley & Co Inc Buys American Electric Power Co Inc, Agilent Technologies Inc, Paychex ...",http://www.gurufocus.com/news/1126951/hendley--co-inc-buys-american-electric-power-co-inc-agilent-technologies-inc-paychex-inc-sells-honeywell-international-inc-texas-instruments-inc-dollar-general-corp,GuruFocus,2020-05-05 00:00:00,A
11,"Teacher Retirement System Of Texas Buys Hologic Inc, Vanguard Total Stock Market, Agilent ...",http://www.gurufocus.com/news/1126799/teacher-retirement-system-of-texas-buys-hologic-inc-vanguard-total-stock-market-agilent-technologies-inc-sells-alphabet-inc-att-inc-ishares-edge-msci-min-vol-emerging-markets,GuruFocus,2020-05-05 00:00:00,A
12,"Cookson Peirce & Co Inc Buys Eli Lilly and Co, Vertex Pharmaceuticals Inc, Netflix Inc, ...",http://www.gurufocus.com/news/1125063/cookson-peirce--co-inc-buys-eli-lilly-and-co-vertex-pharmaceuticals-inc-netflix-inc-sells-hilton-worldwide-holdings-inc-transdigm-group-inc-abbott-laboratories,GuruFocus,2020-05-04 00:00:00,A
13,Agilent Technologies Inc (A) CEO and President Michael R. Mcmullen Sold $–.– million of Shares,http://www.gurufocus.com/news/1121894/agilent-technologies-inc-a-ceo-and-president-michael-r-mcmullen-sold-11-million-of-shares,GuruFocus,2020-04-30 00:00:00,A
14,"Agilent Technologies Inc (A) CEO and President Michael R. Mcmullen Sold $67–,6—7 of Shares",http://www.gurufocus.com/news/1119439/agilent-technologies-inc-a-ceo-and-president-michael-r-mcmullen-sold-671627-of-shares,GuruFocus,2020-04-28 00:00:00,A
15,"S.E.E.D. Planning Group LLC Buys VanEck Vectors Morningstar Wide Moat, PepsiCo Inc, Ecolab Inc, ...",http://www.gurufocus.com/news/1108126/seed-planning-group-llc-buys-vaneck-vectors-morningstar-wide-moat-pepsico-inc-ecolab-inc-sells-schwab-us-largecap-invesco-bulletshares-2020-corporate-bond-etf-international-flavors--fragrances-inc,GuruFocus,2020-04-17 00:00:00,A
16,Agilent (A) Withdraws Q2 & FY20 View Amid Coronavirus Crisis,http://www.zacks.com/stock/news/872005/agilent-a-withdraws-q2-fy20-view-amid-coronavirus-crisis?cid=CS-BENZ-FT-analyst_blog|company_news_tech_sector-872005,Zacks,2020-04-15 00:00:00,A
17,Top –st-Quarter Buys of Jerome Dodson's Parnassus Fund,http://www.gurufocus.com/news/1104590/top-1stquarter-buys-of-jerome-dodsons-parnassus-fund,GuruFocus,2020-04-14 00:00:00,A
18,Bill Ackman on Agilent Technologies,http://www.gurufocus.com/news/1104359/bill-ackman-on-agilent-technologies,GuruFocus,2020-04-14 00:00:00,A
19,Bill Ackman's Pershing Square —…–9 Annual Letter to Shareholders,http://www.gurufocus.com/news/1104358/bill-ackmans-pershing-square-2019-annual-letter-to-shareholders,GuruFocus,2020-04-14 00:00:00,A
20,Parnassus Endeavor Fund Adds ' Stocks to Portfolio in –st Quarter,http://www.gurufocus.com/news/1103295/parnassus-endeavor-fund-adds-3-stocks-to-portfolio-in-1st-quarter,GuruFocus,2020-04-13 00:00:00,A
21,"Parnassus Endeavor Fund Buys FedEx Corp, VF Corp, Expeditors International of Washington Inc, ...",http://www.gurufocus.com/news/1101813/parnassus-endeavor-fund-buys-fedex-corp-vf-corp-expeditors-international-of-washington-inc-sells-gilead-sciences-inc-lam-research-corp-perrigo-co-plc,GuruFocus,2020-04-10 00:00:00,A
22,"Parnassus Fund Buys KLA Corp, Agilent Technologies Inc, Square Inc, Sells Alliance Data Systems ...",http://www.gurufocus.com/news/1101812/parnassus-fund-buys-kla-corp-agilent-technologies-inc-square-inc-sells-alliance-data-systems-corp-cvs-health-corp-hologic-inc,GuruFocus,2020-04-10 00:00:00,A
23,"Lgt Capital Partners Ltd. Buys Microsoft Corp, Stryker Corp, The Estee Lauder Inc, Sells ...",http://www.gurufocus.com/news/1098172/lgt-capital-partners-ltd-buys-microsoft-corp-stryker-corp-the-estee-lauder-inc-sells-newmont-corp-tupperware-brands-corp-the-carlyle-group-inc,GuruFocus,2020-04-07 00:00:00,A
24,"Timing the Market, Is it Possible? - April 07, 2020",http://www.zacks.com/stock/news/858761/timing-the-market-is-it-possible-april-07-2020?cid=CS-BENZ-FT-retirement_ideas|market_timing_secrets-858761,Zacks,2020-04-07 00:00:00,A
25,Agilent Technologies to Change Location of Annual Meeting,http://www.gurufocus.com/news/1090024/agilent-technologies-to-change-location-of-annual-meeting-,GuruFocus,2020-03-30 00:00:00,A
26,Bill Ackman's Pershing Square Releases Letter to Investors,http://www.gurufocus.com/news/1086307/bill-ackmans-pershing-square-releases-letter-to-investors,GuruFocus,2020-03-26 00:00:00,A
27,Agilent Technologies (A) Gains As Market Dips: What You Should Know,http://www.zacks.com/stock/news/826049/agilent-technologies-a-gains-as-market-dips-what-you-should-know?cid=CS-BENZ-FT-tale_of_the_tape|yseop_template_6v1-826049,Zacks,2020-03-20 00:00:00,A
28,Stocks Flashing Renewed Technical Strength: Agilent Technologies,http://www.investors.com/ibd-data-stories/stocks-flashing-renewed-technical-strength-agilent-technologies/?src=A00237A&ven=BenzingaCP&src=AURLAAM,Investor's Business Daily,2020-03-19 00:00:00,A
29,Why Is Agilent (A) Down 19.3% Since Last Earnings Report?,http://www.zacks.com/stock/news/823272/why-is-agilent-a-down-193-since-last-earnings-report?cid=CS-BENZ-FT-realtime_blog-823272,Zacks,2020-03-19 00:00:00,A
30,Agilent Technologies Announces Cash Dividend of –8 Cents Per Share,http://www.gurufocus.com/news/1078836/agilent-technologies-announces-cash-dividend-of-18-cents-per-share,GuruFocus,2020-03-18 00:00:00,A
31,"Agilent Technologies to Adjourn Annual Meeting Until April –7, —…—…",http://www.gurufocus.com/news/1077054/agilent-technologies-to-adjourn-annual-meeting-until-april-17-2020,GuruFocus,2020-03-17 00:00:00,A
32,Agilent Introduces CrossLab Connect Services for Lab-wide Asset Monitoring,http://www.gurufocus.com/news/1074589/agilent-introduces-crosslab-connect-services-for-labwide-asset-monitoring-,GuruFocus,2020-03-16 00:00:00,A
33,6 Guru Stocks Trading With Low Price-Sales Ratios,http://www.gurufocus.com/news/1064215/6-guru-stocks-trading-with-low-pricesales-ratios,GuruFocus,2020-03-03 00:00:00,A
34,Stock Upgrades: Agilent Technologies Shows Rising Relative Strength,http://www.investors.com/ibd-data-stories/stock-upgrades-agilent-technologies-shows-rising-relative-strength-5/?src=A00237A&ven=BenzingaCP&src=AURLAAM,Investor's Business Daily,2020-02-28 00:00:00,A
35,"Fitbit (FIT) Q4 Loss Wider Than Estimated, Revenues Lag",http://www.zacks.com/stock/news/777147/fitbit-fit-q4-loss-wider-than-estimated-revenues-lag?cid=CS-BENZ-FT-analyst_blog|earnings_article-777147,Zacks,2020-02-21 00:00:00,A
36,"How to Time the Markets Like an Investing Pro - February 20, 2020",http://www.zacks.com/stock/news/775137/how-to-time-the-markets-like-an-investing-pro-february-20-2020?cid=CS-BENZ-FT-retirement_ideas|market_timing_secrets-775137,Zacks,2020-02-20 00:00:00,A
37,Stock Chart Breakdown Alert: Agilent Tech (A),https://talkmarkets.com/content/stock-chart-breakdown-alert-agilent-tech-a?post=251694,TalkMarkets,2020-02-19 00:00:00,A
38,"Agilent (A) Q1 Earnings In Line With Estimates, Revenues Top",http://www.zacks.com/stock/news/772907/agilent-a-q1-earnings-in-line-with-estimates-revenues-top?cid=CS-BENZ-FT-analyst_blog|earnings_article-772907,Zacks,2020-02-19 00:00:00,A
39,Bill Ackman's Pershing Square: 4th-Quarter Update,http://www.gurufocus.com/news/1042860/bill-ackmans-pershing-square-4thquarter-update,GuruFocus,2020-02-18 00:00:00,A
40,"GoDaddy (GDDY) Q4 Earnings Miss Estimates, Revenues Beat",http://www.zacks.com/stock/news/771320/godaddy-gddy-q4-earnings-miss-estimates-revenues-beat?cid=CS-BENZ-FT-analyst_blog|earnings_article-771320,Zacks,2020-02-18 00:00:00,A
41,"Wunderlich Capital Managemnt Buys ServiceNow Inc, Truist Financial Corp, Agilent Technologies ...",http://www.gurufocus.com/news/1041634/wunderlich-capital-managemnt-buys-servicenow-inc-truist-financial-corp-agilent-technologies-inc-sells-suntrust-banks-inc-diamondback-energy-inc,GuruFocus,2020-02-17 00:00:00,A
42,"Napier Park Global Capital LLC Buys Invesco Senior Loan, Agilent Technologies Inc, Lowe's Inc, ...",http://www.gurufocus.com/news/1038789/napier-park-global-capital-llc-buys-invesco-senior-loan-agilent-technologies-inc-lowes-inc-sells-ishares-iboxx--investment-grade-corporate-bond-nrg-energy-inc-ceridian-hcm-holding-inc,GuruFocus,2020-02-14 00:00:00,A
43,Stock Upgrades: Agilent Technologies Shows Rising Relative Strength,http://www.investors.com/ibd-data-stories/stock-upgrades-agilent-technologies-shows-rising-relative-strength-4/?src=A00237A&ven=BenzingaCP&src=AURLAAM,Investor's Business Daily,2020-02-13 00:00:00,A
44,Applied Materials (AMAT) Q1 Earnings & Sales Top Estimates,http://www.zacks.com/stock/news/763708/applied-materials-amat-q1-earnings-sales-top-estimates?cid=CS-BENZ-FT-analyst_blog|earnings_article-763708,Zacks,2020-02-13 00:00:00,A
45,"Stonehage Fleming Financial Services Holdings Ltd Buys Autoliv Inc, Walmart Inc, Uber ...",http://www.gurufocus.com/news/1037232/stonehage-fleming-financial-services-holdings-ltd-buys-autoliv-inc-walmart-inc-uber-technologies-inc-sells-ishares-msci-emerging-markets-etf-edwards-lifesciences-corp-altria-group-inc,GuruFocus,2020-02-13 00:00:00,A
46,"Clearfield Capital Management Lp Buys Insperity Inc, Square Inc, Agilent Technologies Inc, ...",http://www.gurufocus.com/news/1036898/clearfield-capital-management-lp-buys-insperity-inc-square-inc-agilent-technologies-inc-sells-l3harris-technologies-inc-equifax-inc-liberty-formula-one-group,GuruFocus,2020-02-12 00:00:00,A
47,Agilent (A) Gears Up for Q1 Earnings: What's in the Cards?,http://www.zacks.com/stock/news/761933/agilent-a-gears-up-for-q1-earnings-whats-in-the-cards?cid=CS-BENZ-FT-analyst_blog|earnings_preview-761933,Zacks,2020-02-12 00:00:00,A
48,"Troy Asset Management Ltd Buys Agilent Technologies Inc, Mastercard Inc, Cisco Systems Inc, ...",http://www.gurufocus.com/news/1035886/troy-asset-management-ltd-buys-agilent-technologies-inc-mastercard-inc-cisco-systems-inc-sells-ebay-inc,GuruFocus,2020-02-11 00:00:00,A
49,Can Strong Cloud Growth Propel Alibaba's (BABA) Q3 Earnings?,http://www.zacks.com/stock/news/759889/can-strong-cloud-growth-propel-alibabas-baba-q3-earnings?cid=CS-BENZ-FT-analyst_blog|earnings_preview-759889,Zacks,2020-02-11 00:00:00,A
50,Fortive (FTV) Earnings & Revenues Surpass Estimates in Q4,http://www.zacks.com/stock/news/754382/fortive-ftv-earnings-revenues-surpass-estimates-in-q4?cid=CS-BENZ-FT-analyst_blog|earnings_article-754382,Zacks,2020-02-07 00:00:00,A
51,"Eaton Vance Exits Celgene, Trims Amgen Position",http://www.gurufocus.com/news/1028223/eaton-vance-exits-celgene-trims-amgen-position,GuruFocus,2020-02-04 00:00:00,A
52,"Mechanics Bank Trust Department Buys SPDR Wells Fargo Preferred Stock ETF, Huntington ...",http://www.gurufocus.com/news/1021009/mechanics-bank-trust-department-buys-spdr-wells-fargo-preferred-stock-etf-huntington-bancshares-inc-hanesbrands-inc-sells-nestle-sa-the-kroger-co-ch-robinson-worldwide-inc,GuruFocus,2020-01-23 00:00:00,A
53,"Krueger & Catalano Capital Partners, LLC Buys Bristol-Myers Squibb Company, Agilent ...",http://www.gurufocus.com/news/1019362/krueger--catalano-capital-partners-llc-buys-bristolmyers-squibb-company-agilent-technologies-inc-msci-inc-sells-cullenfrost-bankers-inc-boeing-co-twilio-inc,GuruFocus,2020-01-21 00:00:00,A
54,"Parnassus Endeavor Fund Adds to Cisco, Alphabet",http://www.gurufocus.com/news/1015901/parnassus-endeavor-fund-adds-to-cisco-alphabet,GuruFocus,2020-01-15 00:00:00,A
55,Parnassus Endeavor Fund Invests in Insurance and Logistics in 4th Quarter,http://www.gurufocus.com/news/1015722/parnassus-endeavor-fund-invests-in-insurance-and-logistics-in-4th-quarter,GuruFocus,2020-01-15 00:00:00,A
56,"Timing the Market, Is it Possible? - January 10, 2020",http://www.zacks.com/stock/news/711428/timing-the-market-is-it-possible-january-10-2020?cid=CS-BENZ-FT-retirement_ideas|market_timing_secrets-711428,Zacks,2020-01-10 00:00:00,A
57,Why Is Agilent (A) Up 5.4% Since Last Earnings Report?,http://www.zacks.com/stock/news/687371/why-is-agilent-a-up-54-since-last-earnings-report?cid=CS-BENZ-FT-realtime_blog-687371,Zacks,2019-12-25 00:00:00,A
58,"The Market Timing Secrets No One Talks About - December 17, 2019",http://www.zacks.com/stock/news/675479/the-market-timing-secrets-no-one-talks-about-december-17-2019?cid=CS-BENZ-FT-retirement_ideas|market_timing_secrets-675479,Zacks,2019-12-17 00:00:00,A
59,Agilent Technologies Inc (A) CEO and President Michael R. Mcmullen Sold $4 million of Shares,https://www.benzinga.com/node/14992143,GuruFocus,2019-12-13 00:00:00,A
60,"Live Nation Entertainment, Zebra Technologies, STERIS Set to Join S&P 5……; Others to ...",https://www.benzinga.com/node/14992163,GuruFocus,2019-12-13 00:00:00,A
61,"Nomura Holdings Inc Buys Aramark, AT&T Inc, Emerson Electric Co, Sells Amazon. ...",https://www.benzinga.com/node/14984762,GuruFocus,2019-12-12 00:00:00,A
62,Bill Ackman's Pershing Square Packs Into Agilent,https://www.benzinga.com/node/14964953,GuruFocus,2019-12-10 00:00:00,A
63,Wall Street Breakfast: Trade Deadline And Fed Meeting,https://seekingalpha.com/article/4311579-wall-street-breakfast-trade-deadline-and-fed-meeting?utm_source=partner_&utm_medium=referralbenzinga,Seeking Alpha,2019-12-10 00:00:00,A
64,"Pershing Square Capital Management, L.P. Buys Agilent Technologies Inc, Sells Automatic Data ...",https://www.benzinga.com/node/14958377,GuruFocus,2019-12-09 00:00:00,A
65,Agilent up 4% after hours on Pershing stake,https://seekingalpha.com/news/3524933-agilent-up-4-after-hours-on-pershing-stake?source=partner_benzinga,Seeking Alpha,2019-12-09 00:00:00,A
66,Best Large-Cap Stocks To Buy Now,https://seekingalpha.com/article/4310979-best-large-cap-stocks-to-buy-now?source=partner_benzinga,Seeking Alpha,2019-12-06 00:00:00,A
67,"Agilent Technologies, Inc. (A) Management Presents at Evercore ISI HealthCONx Conference (Transcript)",https://seekingalpha.com/article/4310780-agilent-technologies-inc-management-presents-evercore-isi-healthconx-conference-transcript?source=partner_benzinga,Seeking Alpha,2019-12-05 00:00:00,A
68,Agilent Technologies Inc (A) Presents at The 31st Annual Piper Jaffray Healthcare Conference (Transcript),https://seekingalpha.com/article/4310477-agilent-technologies-inc-presents-31st-annual-piper-jaffray-healthcare-conference-transcript?source=partner_benzinga,Seeking Alpha,2019-12-04 00:00:00,A
69,Agilent (A) Earnings and Revenues Surpass Estimates in Q4,http://www.zacks.com/stock/news/638168/agilent-a-earnings-and-revenues-surpass-estimates-in-q4?cid=CS-BENZ-FT-analyst_blog|earnings_article-638168,Zacks,2019-11-26 00:00:00,A
70,"Agilent Technologies, Inc. (A) CEO Mike McMullen on Q4 2019 Results - Earnings Call Transcript",https://seekingalpha.com/article/4309111-agilent-technologies-inc-ceo-mike-mcmullen-q4-2019-results-earnings-call-transcript?source=partner_benzinga,Seeking Alpha,2019-11-25 00:00:00,A
71,"Dow Jones Futures: Stock Market Fear Gauge Hits New Low; Palo Alto Networks, Nutanix, Ambarella, Hewlett Packard Enterprise, ChemoCentryx Are Big Movers Late",http://www.investors.com/market-trend/stock-market-today/dow-jones-futures-stock-market-rally-fear-gauge-hits-new-low-palo-alto-networks-nutanix-ambarella/?src=A00237A&ven=BenzingaCP&src=AURLAAM,Investor's Business Daily,2019-11-25 00:00:00,A
72,Agilent Technologies (A) Surpasses Q4 Earnings and Revenue Estimates,http://www.zacks.com/stock/news/637442/agilent-technologies-a-surpasses-q4-earnings-and-revenue-estimates?cid=CS-BENZ-FT-tale_of_the_tape|yseop_template_4-637442,Zacks,2019-11-25 00:00:00,A
73,"Agilent Technologies, Inc. 2019 Q4 - Results - Earnings Call Presentation",https://seekingalpha.com/article/4309065-agilent-technologies-inc-2019-q4-results-earnings-call-presentation?source=partner_benzinga,Seeking Alpha,2019-11-25 00:00:00,A
74,"Agilent EPS beats by $0.03, misses on revenue",https://seekingalpha.com/news/3521902-agilent-eps-beats-0_03-misses-revenue?source=partner_benzinga,Seeking Alpha,2019-11-25 00:00:00,A
75,Agilent Q4 2019 Earnings Preview,https://seekingalpha.com/news/3521679-agilent-q4-2019-earnings-preview?source=partner_benzinga,Seeking Alpha,2019-11-24 00:00:00,A
76,Notable earnings after Monday's close,https://seekingalpha.com/news/3521666-notable-earnings-monday-s-close?source=partner_benzinga,Seeking Alpha,2019-11-24 00:00:00,A
77,"Dividend Increases: November 18-22, 2019",https://seekingalpha.com/article/4308845-dividend-increases-november-18minus-22-2019?source=partner_benzinga,Seeking Alpha,2019-11-24 00:00:00,A
78,"Spotlight On Alibaba, Best Buy And DuPont (Stocks To Watch Podcast)",https://seekingalpha.com/article/4308812-spotlight-alibaba-best-buy-dupont-stocks-watch-podcast?source=partner_benzinga,Seeking Alpha,2019-11-24 00:00:00,A
79,Dividend Challenger Highlights: Week Of November 24,https://seekingalpha.com/article/4308801-dividend-challenger-highlights-week-november-24?source=partner_benzinga,Seeking Alpha,2019-11-23 00:00:00,A
80,"Stocks To Watch: Spotlight On Alibaba, Best Buy And DuPont",https://seekingalpha.com/article/4308790-stocks-watch-spotlight-alibaba-best-buy-dupont?source=partner_benzinga,Seeking Alpha,2019-11-23 00:00:00,A
81,Earnings Watch: PANW Stock Rallies Ahead Of Results; Retail Leader Forms Bullish Base,http://www.investors.com/research/earnings-preview/panw-stock-rallies-sharply-ahead-of-earnings/?src=A00237A&ven=BenzingaCP&src=AURLAAM,Investor's Business Daily,2019-11-22 00:00:00,A
82,Agilent on watch after positive EU drug development,https://seekingalpha.com/news/3521521-agilent-watch-positive-eu-drug-development?source=partner_benzinga,Seeking Alpha,2019-11-22 00:00:00,A
83,Agilent Is Up Almost 20% Since Its Last Earnings Report: Assessing If The Momentum Continues,https://seekingalpha.com/article/4308328-agilent-almost-20-percent-since-last-earnings-report-assessing-momentum-continues?source=partner_benzinga,Seeking Alpha,2019-11-21 00:00:00,A
84,"Yes, You Can Time the Market. Find out How - November 21, 2019",http://www.zacks.com/stock/news/630849/yes-you-can-time-the-market-find-out-how-november-21-2019?cid=CS-BENZ-FT-retirement_ideas|market_timing_secrets-630849,Zacks,2019-11-21 00:00:00,A
85,"The Top Large-Cap Sectors, Industries, And Stocks To Buy Now",https://seekingalpha.com/article/4308176-top-large-cap-sectors-industries-stocks-buy-now?source=partner_benzinga,Seeking Alpha,2019-11-21 00:00:00,A
86,Agilent declares $0.18 dividend,https://seekingalpha.com/news/3520971-agilent-declares-0_18-dividend?source=partner_benzinga,Seeking Alpha,2019-11-20 00:00:00,A
87,Agilent Technologies (A) Earnings Expected to Grow: Should You Buy?,http://www.zacks.com/stock/news/625743/agilent-technologies-a-earnings-expected-to-grow-should-you-buy?cid=CS-BENZ-FT-tale_of_the_tape|yseop_template_9-625743,Zacks,2019-11-18 00:00:00,A
88,"Retailers, Dubai Airshow And Cybertrucks (Stocks To Watch Podcast)",https://seekingalpha.com/article/4307271-retailers-dubai-airshow-cybertrucks-stocks-watch-podcast?source=partner_benzinga,Seeking Alpha,2019-11-17 00:00:00,A
89,"Stocks To Watch: Retailers, Dubai Airshow And Cybertrucks",https://seekingalpha.com/article/4307244-stocks-watch-retailers-dubai-airshow-cybertrucks?source=partner_benzinga,Seeking Alpha,2019-11-16 00:00:00,A
90,"Fairpointe Capital LLC Buys Adtalem Global Education Inc, Corning Inc, Agilent Technologies ...",https://www.benzinga.com/node/14823635,GuruFocus,2019-11-15 00:00:00,A
91,PerkinElmer: An Excellent Opportunity,https://seekingalpha.com/article/4307103-perkinelmer-excellent-opportunity?source=partner_benzinga,Seeking Alpha,2019-11-15 00:00:00,A
92,Stifel likes Illumina in premarket analyst action,https://seekingalpha.com/news/3519763-stifel-likes-illumina-premarket-analyst-action?source=partner_benzinga,Seeking Alpha,2019-11-15 00:00:00,A
93,Market-Beating Sector ETFs Year to Date,http://www.zacks.com/stock/news/621178/market-beating-sector-etfs-year-to-date?cid=CS-BENZ-FT-etf_news_and_commentary-621178,Zacks,2019-11-15 00:00:00,A
94,"Tiemann Investment Advisors, Llc Buys SPDR Barclays Convertible Securities ETF, D.R. ...",https://www.benzinga.com/node/14819342,GuruFocus,2019-11-15 00:00:00,A
95,Stocks Showing Rising Market Leadership: Agilent Technologies Earns 82 RS Rating,http://www.investors.com/ibd-data-stories/stocks-showing-rising-market-leadership-agilent-technologies-earns-82-rs-rating/?src=A00237A&ven=BenzingaCP&src=AURLAAM,Investor's Business Daily,2019-11-14 00:00:00,A
96,"Epoch Investment Partners, Inc. Buys KKR Inc, Coca-Cola Co, Huntington Ingalls Industries Inc, ...",https://www.benzinga.com/node/14804572,GuruFocus,2019-11-13 00:00:00,A
97,Agilent Technologies Sees RS Rating Improve To 76,http://www.investors.com/ibd-data-stories/agilent-technologies-sees-rs-rating-improve-to-76/?src=A00237A&ven=BenzingaCP&src=AURLAAM,Investor's Business Daily,2019-11-12 00:00:00,A
98,"Royal London Asset Management Ltd Buys Apple Inc, Amazon. ...",https://www.benzinga.com/node/14785636,GuruFocus,2019-11-12 00:00:00,A
99,"TD Asset Management Inc Buys TC Energy Corp, iShares iBoxx $ High Yield Corporate Bond ETF, ...",https://www.benzinga.com/node/14761049,GuruFocus,2019-11-07 00:00:00,A
100,"TDAM USA Inc. Buys Phillips 66, DuPont de Nemours Inc, Agilent Technologies Inc, Sells Apple ...",https://www.benzinga.com/node/14761053,GuruFocus,2019-11-07 00:00:00,A
101,Tracking William Von Mueffling's Cantillon Capital Management Portfolio - Q3 2019 Update,https://seekingalpha.com/article/4303617-tracking-william-von-muefflings-cantillon-capital-management-portfolio-q3-2019-update?source=partner_benzinga,Seeking Alpha,2019-11-07 00:00:00,A
102,"When Does Market Timing Actually Work? - November 01, 2019",http://www.zacks.com/stock/news/598002/when-does-market-timing-actually-work-november-01-2019?cid=CS-BENZ-FT-retirement_ideas|market_timing_secrets-598002,Zacks,2019-11-01 00:00:00,A
103,Electronics Testing Equipment Outlook: Solid Demand Ahead,http://www.zacks.com/commentary/582329/electronics-testing-equipment-outlook-solid-demand-ahead?cid=CS-BENZ-FT-industry_outlook-582329,Zacks,2019-10-24 00:00:00,A
104,"Clean Yield Group Buys Healthcare Trust of America Inc, Lakeland Financial Corp, U.S. ...",https://www.benzinga.com/node/14650305,GuruFocus,2019-10-23 00:00:00,A
105,KraneShares Joins with Nasdaq Dorsey Wright to Launch KraneShares China Rotation Model,https://www.benzinga.com/node/14643902,GuruFocus,2019-10-23 00:00:00,A
106,5G Wireless Networks Give This Communications Test Gear Maker A Lift,http://www.investors.com/research/ibd-stock-of-the-day/5g-wireless-networks-give-keystock-stock-lift/?src=A00237A&ven=BenzingaCP&src=AURLAAM,Investor's Business Daily,2019-10-22 00:00:00,A
107,"Private Bank & Trust Co Buys Agilent Technologies Inc, Alibaba Group Holding, Icon PLC, ...",https://www.benzinga.com/node/14638879,GuruFocus,2019-10-22 00:00:00,A
108,Oakmark Equity And Income Fund: Third Quarter 2019,https://seekingalpha.com/article/4297571-oakmark-equity-income-fund-third-quarter-2019?source=partner_benzinga,Seeking Alpha,2019-10-21 00:00:00,A
109,Dividend Challenger Highlights: Week Of October 20,https://seekingalpha.com/article/4297460-dividend-challenger-highlights-week-october-20?source=partner_benzinga,Seeking Alpha,2019-10-19 00:00:00,A
110,Parnassus Endeavor Fund Buys 4 Stocks in 'rd Quarter,https://www.benzinga.com/node/14613262,GuruFocus,2019-10-17 00:00:00,A
111,"Parnassus Endeavor Fund Buys Alaska Air Group Inc, Arista Networks Inc, Charles Schwab Corp, ...",https://www.benzinga.com/node/14605708,GuruFocus,2019-10-16 00:00:00,A
112,Dividend Growth Stocks Of Tomorrow: Agilent Technologies Inc.,https://seekingalpha.com/article/4296471-dividend-growth-stocks-tomorrow-agilent-technologies-inc?source=partner_benzinga,Seeking Alpha,2019-10-14 00:00:00,A
113,Stocks With Rising Relative Strength: Agilent Technologies,http://www.investors.com/ibd-data-stories/stocks-with-rising-relative-strength-agilent-technologies-2/?src=A00237A&ven=BenzingaCP&src=AURLAAM,Investor's Business Daily,2019-10-14 00:00:00,A
114,Cypress Looks to Gain Traction With New USB-C Controller,http://www.zacks.com/stock/news/559529/cypress-looks-to-gain-traction-with-new-usb-c-controller?cid=CS-BENZ-FT-analyst_blog|company_news_tech_sector-559529,Zacks,2019-10-11 00:00:00,A
115,Trimble Strengthens Agriculture Portfolio with Weedseeker 2,http://www.zacks.com/stock/news/557913/trimble-strengthens-agriculture-portfolio-with-weedseeker-2?cid=CS-BENZ-FT-analyst_blog|company_news_tech_sector-557913,Zacks,2019-10-10 00:00:00,A
116,"How to Time the Markets Like an Investing Pro - October 10, 2019",http://www.zacks.com/stock/news/557545/how-to-time-the-markets-like-an-investing-pro-october-10-2019?cid=CS-BENZ-FT-retirement_ideas|market_timing_secrets-557545,Zacks,2019-10-10 00:00:00,A
117,"Lgt Capital Partners Ltd. Buys UnitedHealth Group Inc, Alphabet Inc, Agilent Technologies Inc, ...",https://www.benzinga.com/node/14553529,GuruFocus,2019-10-07 00:00:00,A
118,Bruker To Buy Freiberg Instruments' Magnettech EPR Business,http://www.zacks.com/stock/news/552804/bruker-to-buy-freiberg-instruments-magnettech-epr-business?cid=CS-BENZ-FT-analyst_blog|company_news_-_medical_sector-552804,Zacks,2019-10-07 00:00:00,A
119,"50 Firms Going Ex-Dividend Next Week, Including Cardinal Health, JP Morgan Chase And Comcast",https://www.benzinga.com/node/14507384,TalkMarkets,2019-09-27 00:00:00,A
120,Dividend Challenger Highlights: Week Of September 22,https://seekingalpha.com/article/4292825-dividend-challenger-highlights-week-september-22?source=partner_benzinga,Seeking Alpha,2019-09-21 00:00:00,A
121,4 Stocks to Focus on Global Biotechnology Reagents Market,http://www.zacks.com/stock/news/527817/4-stocks-to-focus-on-global-biotechnology-reagents-market?cid=CS-BENZ-FT-analyst_blog|investment_ideas-527817,Zacks,2019-09-20 00:00:00,A
122,Stocks With Rising Relative Strength: Agilent Technologies,http://www.investors.com/ibd-data-stories/stocks-with-rising-relative-strength-agilent-technologies/?src=A00237A&ven=BenzingaCP&src=AURLAAM,Investor's Business Daily,2019-09-19 00:00:00,A
123,Agilent declares $0.164 dividend,https://seekingalpha.com/news/3500279-agilent-declares-0_164-dividend?source=partner_benzinga,Seeking Alpha,2019-09-18 00:00:00,A
124,"Simple Market Timing Strategies That Work - September 17, 2019",http://www.zacks.com/stock/news/522540/simple-market-timing-strategies-that-work-september-17-2019?cid=CS-BENZ-FT-retirement_ideas|market_timing_secrets-522540,Zacks,2019-09-17 00:00:00,A
125,What Makes Agilent (A) a New Buy Stock,http://www.zacks.com/stock/news/520894/what-makes-agilent-a-a-new-buy-stock?cid=CS-BENZ-FT-tale_of_the_tape|yseop_template_12_zacks_rank_upgrade-520894,Zacks,2019-09-16 00:00:00,A
126,Agilent (A) Up 11.5% Since Last Earnings Report: Can It Continue?,http://www.zacks.com/stock/news/516816/agilent-a-up-115-since-last-earnings-report-can-it-continue?cid=CS-BENZ-FT-realtime_blog-516816,Zacks,2019-09-13 00:00:00,A
127,Agilent Technologies Sees RS Rating Climb To 74,http://www.investors.com/ibd-data-stories/agilent-technologies-sees-rs-rating-climb-to-74/?src=A00237A&ven=BenzingaCP&src=AURLAAM,Investor's Business Daily,2019-09-12 00:00:00,A
128,"Stocks For You To Swing-Trade: TTWO, A, ROP",https://www.benzinga.com/node/14421381,TalkMarkets,2019-09-12 00:00:00,A
129,Agilent Technologies (A) is a Great Momentum Stock: Should You Buy?,http://www.zacks.com/stock/news/511136/agilent-technologies-a-is-a-great-momentum-stock-should-you-buy?cid=CS-BENZ-FT-tale_of_the_tape|yseop_template_10-511136,Zacks,2019-09-10 00:00:00,A
130,Agilent Prices Public Offering of $500M Senior Notes Due 2029,http://www.zacks.com/stock/news/511114/agilent-prices-public-offering-of-%24500m-senior-notes-due-2029?cid=CS-BENZ-FT-analyst_blog|company_news_tech_sector-511114,Zacks,2019-09-10 00:00:00,A
131,Trimble Strengthens Forestry Division With 3LOG Acquisition,http://www.zacks.com/stock/news/511240/trimble-strengthens-forestry-division-with-3log-acquisition?cid=CS-BENZ-FT-analyst_blog|company_news_tech_sector-511240,Zacks,2019-09-10 00:00:00,A
132,Agilent Technologies: Buy For Great Growth In The Pharmaceutical Development Business,https://seekingalpha.com/article/4290704-agilent-technologies-buy-great-growth-pharmaceutical-development-business?source=partner_benzinga,Seeking Alpha,2019-09-10 00:00:00,A
133,Agilent launches debt offering,https://seekingalpha.com/news/3497325-agilent-launches-debt-offering?source=partner_benzinga,Seeking Alpha,2019-09-05 00:00:00,A
134,Agilent readies debt offering,https://seekingalpha.com/news/3496366-agilent-readies-debt-offering?source=partner_benzinga,Seeking Alpha,2019-09-03 00:00:00,A
135,Agilent completes BioTek buy,https://seekingalpha.com/news/3494548-agilent-completes-biotek-buy?source=partner_benzinga,Seeking Alpha,2019-08-26 00:00:00,A
136,IBD Stock Of The Day Keysight Technologies Hits Buy Zone As Wall Street Cheers 5G-Driven Growth,http://www.investors.com/research/ibd-stock-of-the-day/keystock-stock-surges-keysight-earnings-q3-2019/?src=A00237A&ven=BenzingaCP&src=AURLAAM,Investor's Business Daily,2019-08-22 00:00:00,A
137,"Sit Investment Associates Inc Buys United Technologies Corp, Corning Inc, Comcast Corp, Sells ...",http://www.gurufocus.com/news/932970/sit-investment-associates-inc-buys-united-technologies-corp-corning-inc-comcast-corp-sells-dupont-de-nemours-inc-occidental-petroleum-corp-raytheon-co,GuruFocus,2019-08-21 00:00:00,A
138,"Fairpointe Capital LLC Buys Agilent Technologies Inc, Magna International Inc, iShares MSCI ...",http://www.gurufocus.com/news/931818/fairpointe-capital-llc-buys-agilent-technologies-inc-magna-international-inc-ishares-msci-acwi-index-fund-sells-tegna-inc-agco-corp-cincinnati-financial-corp,GuruFocus,2019-08-20 00:00:00,A
139,"Beaconlight Capital, Llc Buys Fortune Brands Home & Security Inc, Hasbro Inc, KAR Auction ...",http://www.gurufocus.com/news/931790/beaconlight-capital-llc-buys-fortune-brands-home--security-inc-hasbro-inc-kar-auction-services-inc-sells-liberty-formula-one-group-hb-fuller-co-verisign-inc,GuruFocus,2019-08-20 00:00:00,A
140,Stock Upgrades: Agilent Technologies Shows Rising Relative Strength,http://www.investors.com/ibd-data-stories/stock-upgrades-agilent-technologies-shows-rising-relative-strength-3/?src=A00237A&ven=BenzingaCP&src=AURLAAM,Investor's Business Daily,2019-08-20 00:00:00,A
141,"BlueSpruce Investments, LP Buys Ross Stores Inc, TJX Inc, Comcast Corp, Sells Constellation ...",http://www.gurufocus.com/news/929847/bluespruce-investments-lp-buys-ross-stores-inc-tjx-inc-comcast-corp-sells-constellation-brands-inc-msci-inc-paypal-holdings-inc,GuruFocus,2019-08-16 00:00:00,A
142,Agilent (A) Earnings and Revenues Beat Estimates in Q3,http://www.zacks.com/stock/news/471584/agilent-a-earnings-and-revenues-beat-estimates-in-q3?cid=CS-BENZ-FT-analyst_blog|earnings_article-471584,Zacks,2019-08-15 00:00:00,A
143,"Agilent Technologies, Inc. (A) CEO Michael McMullen on Q3 2019 Results - Earnings Call Transcript",https://seekingalpha.com/article/4285738-agilent-technologies-inc-ceo-michael-mcmullen-q3-2019-results-earnings-call-transcript?source=partner_benzinga,Seeking Alpha,2019-08-14 00:00:00,A
144,"A, CSCO, NTAP and WPG among after hour movers",https://seekingalpha.com/news/3491982-csco-ntap-wpg-among-hour-movers?source=partner_benzinga,Seeking Alpha,2019-08-14 00:00:00,A
145,Agilent Technologies (A) Tops Q3 Earnings and Revenue Estimates,http://www.zacks.com/stock/news/470844/agilent-technologies-a-tops-q3-earnings-and-revenue-estimates?cid=CS-BENZ-FT-tale_of_the_tape|yseop_template_4-470844,Zacks,2019-08-14 00:00:00,A
146,"Agilent up 5% on FQ3 beat, lower end of guidance raise",https://seekingalpha.com/news/3491836-agilent-5-percent-fq3-beat-lower-end-guidance-raise?source=partner_benzinga,Seeking Alpha,2019-08-14 00:00:00,A
147,"Agilent EPS beats by $0.04, beats on revenue",https://seekingalpha.com/news/3491808-agilent-eps-beats-0_04-beats-revenue?source=partner_benzinga,Seeking Alpha,2019-08-14 00:00:00,A
148,The Dow Jones Industrial Average Will Lose 400 Points On Today's Inverted Yield Curve,https://www.benzinga.com/node/14267672,TalkMarkets,2019-08-14 00:00:00,A
149,Wall Street Tumbles Following Yield Curve Inversion,http://www.zacks.com/stock/news/470319/wall-street-tumbles-following-yield-curve-inversion?cid=CS-BENZ-FT-economic_highlights-470319,Zacks,2019-08-14 00:00:00,A
150,Stock Futures Plunge as Recession Fears Intensify,http://www.zacks.com/stock/news/470291/stock-futures-plunge-as-recession-fears-intensify?cid=CS-BENZ-FT-ahead_of_wall_street-470291,Zacks,2019-08-14 00:00:00,A
151,"Impax Asset Management Group plc Buys Pentair PLC, Agilent Technologies Inc, IQVIA Holdings ...",http://www.gurufocus.com/news/927801/impax-asset-management-group-plc-buys-pentair-plc-agilent-technologies-inc-iqvia-holdings-inc-sells-ecolab-inc-cantel-medical-corp-international-business-machines-corp,GuruFocus,2019-08-13 00:00:00,A
152,Agilent Q3 2019 Earnings Preview,https://seekingalpha.com/news/3491232-agilent-q3-2019-earnings-preview?source=partner_benzinga,Seeking Alpha,2019-08-13 00:00:00,A
153,Notable earnings after Wednesday's close,https://seekingalpha.com/news/3491104-notable-earnings-wednesday-s-close?source=partner_benzinga,Seeking Alpha,2019-08-13 00:00:00,A
154,Agilent (A) Gears Up for Q3 Earnings: What's in the Cards?,http://www.zacks.com/stock/news/466578/agilent-a-gears-up-for-q3-earnings-whats-in-the-cards?cid=CS-BENZ-FT-analyst_blog|earnings_preview-466578,Zacks,2019-08-12 00:00:00,A
155,Walmart And Alibaba Step To The Plate (Stocks To Watch Podcast),https://seekingalpha.com/article/4284498-walmart-alibaba-step-plate-stocks-watch-podcast?source=partner_benzinga,Seeking Alpha,2019-08-11 00:00:00,A
156,Stocks To Watch: Walmart And Alibaba Step To The Plate,https://seekingalpha.com/article/4284315-stocks-watch-walmart-alibaba-step-plate?source=partner_benzinga,Seeking Alpha,2019-08-10 00:00:00,A
157,Agilent Technologies Hitting Lower Rail Of Upwardly Sloped Trend Channel Ahead Of Earnings,https://seekingalpha.com/article/4284107-agilent-technologies-hitting-lower-rail-upwardly-sloped-trend-channel-ahead-earnings?source=partner_benzinga,Seeking Alpha,2019-08-09 00:00:00,A
158,Agilent Technologies (A) Earnings Expected to Grow: Should You Buy?,http://www.zacks.com/stock/news/460583/agilent-technologies-a-earnings-expected-to-grow-should-you-buy?cid=CS-BENZ-FT-tale_of_the_tape|yseop_template_9-460583,Zacks,2019-08-07 00:00:00,A
159,Acquisition Boosts Exact Sciences' Role in Cancer Diagnostics,http://www.gurufocus.com/news/920455/acquisition-boosts-exact-sciences-role-in-cancer-diagnostics,GuruFocus,2019-08-01 00:00:00,A
160,"The Truth About Market Timing - July 30, 2019",http://www.zacks.com/stock/news/453591/the-truth-about-market-timing-july-30-2019?cid=CS-BENZ-FT-retirement_ideas|market_timing_secrets-453591,Zacks,2019-07-30 00:00:00,A
161,Tracking William von Mueffling's Cantillon Capital Management Portfolio - Q2 2019 Update,https://seekingalpha.com/article/4278541-tracking-william-von-muefflings-cantillon-capital-management-portfolio-q2-2019-update?source=partner_benzinga,Seeking Alpha,2019-07-29 00:00:00,A
162,Agilent: 2 Decades Of Portfolio Moves Left Investors With A Good Business,https://seekingalpha.com/article/4277193-agilent-2-decades-portfolio-moves-left-investors-good-business?source=partner_benzinga,Seeking Alpha,2019-07-24 00:00:00,A
163,Dividend Challenger Highlights: Week Of July 21,https://seekingalpha.com/article/4276228-dividend-challenger-highlights-week-july-21?source=partner_benzinga,Seeking Alpha,2019-07-20 00:00:00,A
164,"Harvey Investment Co Llc Buys Fastenal Co, Agilent Technologies Inc, CarMax Inc, Sells Croda ...",http://www.gurufocus.com/news/909657/harvey-investment-co-llc-buys-fastenal-co-agilent-technologies-inc-carmax-inc-sells-croda-international-plc-ecolab-inc-nextera-energy-inc,GuruFocus,2019-07-16 00:00:00,A
165,Oppenheimer likes Millendo Therapeutics in premarket analyst action,https://seekingalpha.com/news/3477983-oppenheimer-likes-millendo-therapeutics-premarket-analyst-action?source=partner_benzinga,Seeking Alpha,2019-07-16 00:00:00,A
166,Agilent: Some Bolt-On M&A To Rejuvenate Growth,https://seekingalpha.com/article/4274967-agilent-bolt-m-rejuvenate-growth?source=partner_benzinga,Seeking Alpha,2019-07-15 00:00:00,A
167,Wells sees 33% upside in Gilead in premarket analyst action,https://seekingalpha.com/news/3477623-wells-sees-33-percent-upside-gilead-premarket-analyst-action?source=partner_benzinga,Seeking Alpha,2019-07-15 00:00:00,A
168,"Agilent to Acquire BioTek, Cell Analysis Portfolio to Expand",http://www.zacks.com/stock/news/441535/agilent-to-acquire-biotek-cell-analysis-portfolio-to-expand?cid=CS-BENZ-FT-441535,Zacks,2019-07-12 00:00:00,A
169,Silicon Valley Pioneer Keysight Just Moved Into The Buy Zone — But Can It Stay There?,http://www.investors.com/stock-lists/ibd-50/keysight-stock-moved-into-buy-zone/?src=A00237A&ven=BenzingaCP&src=AURLAAM,Investor's Business Daily,2019-07-11 00:00:00,A
170,Agilent to acquire BioTek for $1.165B,https://seekingalpha.com/news/3477088-agilent-acquire-biotek-1_165b?source=partner_benzinga,Seeking Alpha,2019-07-11 00:00:00,A
171,"Lgt Capital Partners Ltd. Buys UnitedHealth Group Inc, Alphabet Inc, Ross Stores Inc, Sells ...",http://www.gurufocus.com/news/906796/lgt-capital-partners-ltd-buys-unitedhealth-group-inc-alphabet-inc-ross-stores-inc-sells-celgene-corp-3m-co-delta-air-lines-inc,GuruFocus,2019-07-10 00:00:00,A
172,Stock Upgrades: Agilent Technologies Shows Rising Relative Strength,http://www.investors.com/ibd-data-stories/stock-upgrades-agilent-technologies-shows-rising-relative-strength-2/?src=A00237A&ven=BenzingaCP&src=AURLAAM,Investor's Business Daily,2019-07-05 00:00:00,A
173,"29 Firms Going Ex-Dividend Next Week, Including Comcast, Cisco And JP Morgan",https://www.benzinga.com/node/14003999,TalkMarkets,2019-06-28 00:00:00,A
174,Agilent: An Excellent Company At Average Price,https://seekingalpha.com/article/4272668-agilent-excellent-company-average-price?source=partner_benzinga,Seeking Alpha,2019-06-28 00:00:00,A
175,Dividend Challenger Highlights: Week Of June 23,https://seekingalpha.com/article/4271630-dividend-challenger-highlights-week-june-23?source=partner_benzinga,Seeking Alpha,2019-06-22 00:00:00,A
176,John Templeton's Investment Philosophy,http://www.gurufocus.com/news/897823/john-templetons-investment-philosophy,GuruFocus,2019-06-21 00:00:00,A
177,Agilent Announces Receipt of FDA Approval for pharmDX Assay,http://www.zacks.com/stock/news/429945/agilent-announces-receipt-of-fda-approval-for-pharmdx-assay?cid=CS-BENZ-FT-429945,Zacks,2019-06-14 00:00:00,A
178,Why Is Agilent (A) Up 3.9% Since Last Earnings Report?,http://www.zacks.com/stock/news/429061/why-is-agilent-a-up-39-since-last-earnings-report?cid=CS-BENZ-FT-429061,Zacks,2019-06-13 00:00:00,A
179,FDA OKs Agilent companion diagnostic for Keytruda in HNSCC,https://seekingalpha.com/news/3470455-fda-oks-agilent-companion-diagnostic-keytruda-hnscc?source=partner_benzinga,Seeking Alpha,2019-06-11 00:00:00,A
180,"Barclays bearish on Teva, sees 14% downside risk in premarket analyst action",https://seekingalpha.com/news/3470387-barclays-bearish-teva-sees-14-percent-downside-risk-premarket-analyst-action?source=partner_benzinga,Seeking Alpha,2019-06-11 00:00:00,A
181,Tense About Trade War? Follow Goldman With 5 ETF Strategies,http://www.zacks.com/stock/news/419298/tense-about-trade-war-follow-goldman-with-5-etf-strategies?cid=CS-BENZ-FT-419298,Zacks,2019-05-24 00:00:00,A
182,Agilent declares $0.164 dividend,https://seekingalpha.com/news/3466217-agilent-declares-0_164-dividend?source=partner_benzinga,Seeking Alpha,2019-05-22 00:00:00,A
183,"Bessemer Securities Llc Buys Facebook Inc, Texas Instruments Inc, Bank of America Corporation, ...",http://www.gurufocus.com/news/882812/bessemer-securities-llc-buys-facebook-inc-texas-instruments-inc-bank-of-america-corporation-sells-japan-post-holdings-co-keycorp-cigna-corp,GuruFocus,2019-05-21 00:00:00,A
184,Bullish Quintet,https://www.benzinga.com/node/13766788,TalkMarkets,2019-05-17 00:00:00,A
185,Stocks To Watch: Agilent Technologies Sees Relative Strength Rating Jump To 84,http://www.investors.com/ibd-data-stories/stocks-to-watch-agilent-technologies-sees-relative-strength-rating-jump-to-84/?src=A00237A&ven=BenzingaCP&src=AURLAAM,Investor's Business Daily,2019-05-15 00:00:00,A
186,ACB and A among premarket losers,https://seekingalpha.com/news/3464005-acb-among-premarket-losers?source=partner_benzinga,Seeking Alpha,2019-05-15 00:00:00,A
187,"Agilent Technologies, Inc. 2019 Q2 - Results - Earnings Call Slides",https://seekingalpha.com/article/4264108-agilent-technologies-inc-2019-q2-results-earnings-call-slides?source=partner_benzinga,Seeking Alpha,2019-05-15 00:00:00,A
188,"Agilent Technologies, Inc. (A) CEO Mike McMullen on Q2 2019 Results - Earnings Call Transcript",https://seekingalpha.com/article/4264085-agilent-technologies-inc-ceo-mike-mcmullen-q2-2019-results-earnings-call-transcript?source=partner_benzinga,Seeking Alpha,2019-05-14 00:00:00,A
189,"A, ACB, EGHT and TLRY among notable after hour movers",https://seekingalpha.com/news/3463760-acb-eght-tlry-among-notable-hour-movers?source=partner_benzinga,Seeking Alpha,2019-05-14 00:00:00,A
190,Agilent Technologies (A) Q2 Earnings and Revenues Miss Estimates,http://www.zacks.com/stock/news/414066/agilent-technologies-a-q2-earnings-and-revenues-miss-estimates?cid=CS-BENZ-FT-414066,Zacks,2019-05-14 00:00:00,A
191,"Agilent down 8% after hours on FQ2 miss, revenue guidance cut",https://seekingalpha.com/news/3463657-agilent-8-percent-hours-fq2-miss-revenue-guidance-cut?source=partner_benzinga,Seeking Alpha,2019-05-14 00:00:00,A
192,"Agilent misses by $0.01, misses on revenue",https://seekingalpha.com/news/3463639-agilent-misses-0_01-misses-revenue?source=partner_benzinga,Seeking Alpha,2019-05-14 00:00:00,A
193,What To Expect From Agilent's Earnings,https://www.benzinga.com/node/13734637,TalkMarkets,2019-05-14 00:00:00,A
194,Agilent Q2 2019 Earnings Preview,https://seekingalpha.com/news/3463067-agilent-q2-2019-earnings-preview?source=partner_benzinga,Seeking Alpha,2019-05-13 00:00:00,A
195,Notable earnings after Tuesday's close,https://seekingalpha.com/news/3462948-notable-earnings-tuesday-s-close?source=partner_benzinga,Seeking Alpha,2019-05-13 00:00:00,A
196,Tracking William Von Mueffling's Cantillon Capital Management Portfolio - Q1 2019 Update,https://seekingalpha.com/article/4263370-tracking-william-von-muefflings-cantillon-capital-management-portfolio-q1-2019-update?source=partner_benzinga,Seeking Alpha,2019-05-13 00:00:00,A
197,Stocks Rise Along with the Tariffs. Go Figure!,https://www.zacks.com/registration/ultimatetrader/welcome/eoffer/30c3?adid=ZU_CONTENT_SYND&cid=CS-BENZ-FT-21316,Zacks,2019-05-11 00:00:00,A
198,Mettler-Toledo (MTD) Earnings & Revenues Top Estimates in Q1,http://www.zacks.com/stock/news/412855/mettler-toledo-mtd-earnings-revenues-top-estimates-in-q1?cid=CS-BENZ-FT-412855,Zacks,2019-05-10 00:00:00,A
199,Can New Offerings & Buyouts Aid Cisco's (CSCO) Q3 Earnings?,http://www.zacks.com/stock/news/412520/can-new-offerings-buyouts-aid-ciscos-csco-q3-earnings?cid=CS-BENZ-FT-412520,Zacks,2019-05-10 00:00:00,A
200,Alibaba (BABA) Gears Up for Q4 Earnings: What's in Store?,http://www.zacks.com/stock/news/412462/alibaba-baba-gears-up-for-q4-earnings-whats-in-store?cid=CS-BENZ-FT-412462,Zacks,2019-05-10 00:00:00,A
201,"MACOM (MTSI) Q2 Loss Wider Than Expected, Revenues Fall Y/Y",http://www.zacks.com/stock/news/411936/macom-mtsi-q2-loss-wider-than-expected-revenues-fall-y-y?cid=CS-BENZ-FT-411936,Zacks,2019-05-09 00:00:00,A
202,"Advanced Energy (AEIS) Q1 Earnings Beat, Revenues Down Y/Y",http://www.zacks.com/stock/news/411882/advanced-energy-aeis-q1-earnings-beat-revenues-down-y-y?cid=CS-BENZ-FT-411882,Zacks,2019-05-09 00:00:00,A
203,"Catalyst Capital Advisors LLC Buys Aflac Inc, Agilent Technologies Inc, Cree Inc, Sells Amgen ...",http://www.gurufocus.com/news/873466/catalyst-capital-advisors-llc-buys-aflac-inc-agilent-technologies-inc-cree-inc-sells-amgen-inc-american-express-co-humana-inc,GuruFocus,2019-05-08 00:00:00,A
204,Factors Likely to Decide JD.com's (JD) Fate in Q1 Earnings,http://www.zacks.com/stock/news/411097/factors-likely-to-decide-jdcoms-jd-fate-in-q1-earnings?cid=CS-BENZ-FT-411097,Zacks,2019-05-08 00:00:00,A
205,Itron (ITRI) Earnings and Revenues Surpass Estimates in Q1,http://www.zacks.com/stock/news/411096/itron-itri-earnings-and-revenues-surpass-estimates-in-q1?cid=CS-BENZ-FT-411096,Zacks,2019-05-08 00:00:00,A
206,Agilent Technologies (A) Reports Next Week: Wall Street Expects Earnings Growth,http://www.zacks.com/stock/news/410310/agilent-technologies-a-reports-next-week-wall-street-expects-earnings-growth?cid=CS-BENZ-FT-410310,Zacks,2019-05-07 00:00:00,A
207,What's in Store for Booking Holdings' (BKNG) Q1 Earnings?,http://www.zacks.com/stock/news/410275/whats-in-store-for-booking-holdings-bkng-q1-earnings?cid=CS-BENZ-FT-410275,Zacks,2019-05-07 00:00:00,A
208,What's in the Cards for Zillow Group (ZG) in Q1 Earnings?,http://www.zacks.com/stock/news/410009/whats-in-the-cards-for-zillow-group-zg-in-q1-earnings?cid=CS-BENZ-FT-410009,Zacks,2019-05-07 00:00:00,A
209,Dropbox (DBX) to Report Q1 Earnings: What's in the Offing?,http://www.zacks.com/stock/news/409978/dropbox-dbx-to-report-q1-earnings-whats-in-the-offing?cid=CS-BENZ-FT-409978,Zacks,2019-05-07 00:00:00,A
210,Will Lower Revenues Affect CommScope (COMM) Q1 Earnings?,http://www.zacks.com/stock/news/409924/will-lower-revenues-affect-commscope-comm-q1-earnings?cid=CS-BENZ-FT-409924,Zacks,2019-05-07 00:00:00,A
211,Turtle Beach (HEAR) to Report Q1 Earnings: What's in Store?,http://www.zacks.com/stock/news/409666/turtle-beach-hear-to-report-q1-earnings-whats-in-store?cid=CS-BENZ-FT-409666,Zacks,2019-05-06 00:00:00,A
212,"Dean Capital Investments Management, LLC Buys The Chemours Co, Delek US Holdings Inc, Alcoa ...",http://www.gurufocus.com/news/871497/dean-capital-investments-management-llc-buys-the-chemours-co-delek-us-holdings-inc-alcoa-corp-sells-boeing-co-salesforcecom-inc-tesla-inc,GuruFocus,2019-05-06 00:00:00,A
213,"Meridian Management Co Buys CVS Health Corp, Boeing Co, LiveRamp Holdings Inc, Sells iShares ...",http://www.gurufocus.com/news/871505/meridian-management-co-buys-cvs-health-corp-boeing-co-liveramp-holdings-inc-sells-ishares-core-sp-500-ishares-intermediateterm-corporate-bond-etf-allergan-plc,GuruFocus,2019-05-06 00:00:00,A
214,Synaptics (SYNA) Q3 Earnings: Will the Stock Disappoint?,http://www.zacks.com/stock/news/409542/synaptics-syna-q3-earnings-will-the-stock-disappoint?cid=CS-BENZ-FT-409542,Zacks,2019-05-06 00:00:00,A
215,What's in the Offing for TripAdvisor's (TRIP) Q1 Earnings?,http://www.zacks.com/stock/news/409442/whats-in-the-offing-for-tripadvisors-trip-q1-earnings?cid=CS-BENZ-FT-409442,Zacks,2019-05-06 00:00:00,A
216,What's in the Offing for Mettler-Toledo's (MTD) Q1 Earnings?,http://www.zacks.com/stock/news/409425/whats-in-the-offing-for-mettler-toledos-mtd-q1-earnings?cid=CS-BENZ-FT-409425,Zacks,2019-05-06 00:00:00,A
217,Etsy (ETSY) to Report Q1 Earnings: What's in the Cards?,http://www.zacks.com/stock/news/409417/etsy-etsy-to-report-q1-earnings-whats-in-the-cards?cid=CS-BENZ-FT-409417,Zacks,2019-05-06 00:00:00,A
218,Pareteum (TEUM) to Post Q1 Earnings: What's in the Cards?,http://www.zacks.com/stock/news/409393/pareteum-teum-to-post-q1-earnings-whats-in-the-cards?cid=CS-BENZ-FT-409393,Zacks,2019-05-06 00:00:00,A
219,Factors to Consider Ahead of eGain's (EGAN) Q3 Earnings,http://www.zacks.com/stock/news/409377/factors-to-consider-ahead-of-egains-egan-q3-earnings?cid=CS-BENZ-FT-409377,Zacks,2019-05-06 00:00:00,A
220,Pegasystems (PEGA) to Report Q1 Earnings: What's in Store?,http://www.zacks.com/stock/news/409352/pegasystems-pega-to-report-q1-earnings-whats-in-store?cid=CS-BENZ-FT-409352,Zacks,2019-05-06 00:00:00,A
221,Pegasystems (PEGA) to Report Q1 Earnings: What's in Store?,http://www.zacks.com/stock/news/409352/pegasystems-pega-to-report-q1-earnings-whats-in-store?cid=CS-BENZ-FT-409352,Zacks,2019-05-06 00:00:00,A
222,What's in Store for The Meet Group (MEET) in Q1 Earnings?,http://www.zacks.com/stock/news/409349/whats-in-store-for-the-meet-group-meet-in-q1-earnings?cid=CS-BENZ-FT-409349,Zacks,2019-05-06 00:00:00,A
223,What's in Store for The Meet Group (MEET) in Q1 Earnings?,http://www.zacks.com/stock/news/409349/whats-in-store-for-the-meet-group-meet-in-q1-earnings?cid=CS-BENZ-FT-409349,Zacks,2019-05-06 00:00:00,A
224,"Twin Capital Management Inc Buys Agilent Technologies Inc, Fortinet Inc, Cboe Global Markets ...",http://www.gurufocus.com/news/870478/twin-capital-management-inc-buys-agilent-technologies-inc-fortinet-inc-cboe-global-markets-inc-sells-pfizer-inc-sp-global-inc-lear-corp,GuruFocus,2019-05-03 00:00:00,A
225,"Findlay Park Partners LLP Buys Agilent Technologies Inc, Fiserv Inc, Analog Devices Inc, Sells ...",http://www.gurufocus.com/news/870452/findlay-park-partners-llp-buys-agilent-technologies-inc-fiserv-inc-analog-devices-inc-sells-fox-corp-schlumberger-cocacola-co,GuruFocus,2019-05-03 00:00:00,A
226,MercadoLibre (MELI) Q1 Earnings & Revenues Beat Estimates,http://www.zacks.com/stock/news/408685/mercadolibre-meli-q1-earnings-revenues-beat-estimates?cid=CS-BENZ-FT-408685,Zacks,2019-05-03 00:00:00,A
227,"Expedia Group (EXPE) Q1 Earnings Top, Revenues Lag Estimates",http://www.zacks.com/stock/news/408683/expedia-group-expe-q1-earnings-top-revenues-lag-estimates?cid=CS-BENZ-FT-408683,Zacks,2019-05-03 00:00:00,A
228,Avid Technology (AVID) to Post Q1 Earnings: What's in Store?,http://www.zacks.com/stock/news/407972/avid-technology-avid-to-post-q1-earnings-whats-in-store?cid=CS-BENZ-FT-407972,Zacks,2019-05-02 00:00:00,A
229,"Trimble's (TRMB) Q1 Earnings Miss Estimates, Revenues Up Y/Y",http://www.zacks.com/stock/news/407955/trimbles-trmb-q1-earnings-miss-estimates-revenues-up-y-y?cid=CS-BENZ-FT-407955,Zacks,2019-05-02 00:00:00,A
230,Why the Earnings Surprise Streak Could Continue for Agilent (A),http://www.zacks.com/stock/news/406454/why-the-earnings-surprise-streak-could-continue-for-agilent-a?cid=CS-BENZ-FT-406454,Zacks,2019-05-01 00:00:00,A
231,AMETEK (AME) Q1 Earnings and Revenues Surpass Estimates,http://www.zacks.com/stock/news/406693/ametek-ame-q1-earnings-and-revenues-surpass-estimates?cid=CS-BENZ-FT-406693,Zacks,2019-05-01 00:00:00,A
232,Square (SQ) to Report Q1 Earnings: What's in the Offing?,http://www.zacks.com/stock/news/405212/square-sq-to-report-q1-earnings-whats-in-the-offing?cid=CS-BENZ-FT-405212,Zacks,2019-04-29 00:00:00,A
233,What's in Store for AMETEK (AME) This Earnings Season?,http://www.zacks.com/stock/news/405161/whats-in-store-for-ametek-ame-this-earnings-season?cid=CS-BENZ-FT-405161,Zacks,2019-04-29 00:00:00,A
234,Waters Q1 miss and lower guidance pressures life sciences kit makers,https://seekingalpha.com/news/3452769-waters-q1-miss-lower-guidance-pressures-life-sciences-kit-makers?source=partner_benzinga,Seeking Alpha,2019-04-23 00:00:00,A
235,IBD Stock Of The Day: This Company Gets A Lift From Its 5G Rollout,http://www.investors.com/research/ibd-stock-of-the-day/keysight-stock-keys-stock-5g-wireless/?src=A00237A&ven=BenzingaCP&src=AURLAAM,Investor's Business Daily,2019-04-18 00:00:00,A
236,Amtek (AME) Hits Fresh High: Is There Still Room to Run?,http://www.zacks.com/stock/news/380527/amtek-ame-hits-fresh-high-is-there-still-room-to-run?cid=CS-BENZ-FT-380527,Zacks,2019-04-15 00:00:00,A
237,Calamos Wealth Management Llc Buys Amazon. ...,http://www.gurufocus.com/news/852830/calamos-wealth-management-llc-buys-amazoncom-inc-cisco-systems-inc-agilent-technologies-inc-sells-ishares-sp-500-growth-ishares-core-sp-midcap-johnson--johnson,GuruFocus,2019-04-12 00:00:00,A
238,Agilent launches new QC system for next-gen sequencing,https://seekingalpha.com/news/3447801-agilent-launches-new-qc-system-next-gen-sequencing?source=partner_benzinga,Seeking Alpha,2019-04-02 00:00:00,A
239,"Hedge Funds Have Never Been This Bullish On Xilinx, Inc.",https://www.benzinga.com/node/13455211,TalkMarkets,2019-03-29 00:00:00,A
240,"33 Firms Going Ex-Dividend Next Week, Including Comcast, JP Morgan And Cisco Systems",https://www.benzinga.com/node/13452269,TalkMarkets,2019-03-29 00:00:00,A
241,"Investor Expectations to Drive Momentum within Entercom Communications, PPL, Clean Energy ...",http://www.gurufocus.com/news/836957/investor-expectations-to-drive-momentum-within-entercom-communications-ppl-clean-energy-fuels-diamondback-energy-agilent-technologies-and-toro--discovering-underlying-factors-of-influence,GuruFocus,2019-03-25 00:00:00,A
242,Why Is Agilent (A) Up 5.3% Since Last Earnings Report?,http://www.zacks.com/stock/news/363206/why-is-agilent-a-up-53-since-last-earnings-report?cid=CS-BENZ-FT-363206,Zacks,2019-03-22 00:00:00,A
243,Agilent declares $0.164 dividend,https://seekingalpha.com/news/3444626-agilent-declares-0_164-dividend?source=partner_benzinga,Seeking Alpha,2019-03-20 00:00:00,A
244,Tencent (TCEHY) to Report Q4 Earnings: What's in the Cards?,http://www.zacks.com/stock/news/361428/tencent-tcehy-to-report-q4-earnings-whats-in-the-cards?cid=CS-BENZ-FT-361428,Zacks,2019-03-19 00:00:00,A
245,BMO likes Amgen and Gilead in premarket analyst action,https://seekingalpha.com/news/3443196-bmo-likes-amgen-gilead-premarket-analyst-action?source=partner_benzinga,Seeking Alpha,2019-03-15 00:00:00,A
246,6 Stocks Beating the Market,http://www.gurufocus.com/news/828564/6-stocks-beating-the-market,GuruFocus,2019-03-06 00:00:00,A
247,Booking Holdings (BKNG) Q4 Earnings & Revenues Beat Estimates,http://www.zacks.com/stock/news/357291/booking-holdings-bkng-q4-earnings-revenues-beat-estimates?cid=CS-BENZ-FT-357291,Zacks,2019-02-28 00:00:00,A
248,Square (SQ) Surpasses Q4 Earnings and Revenue Estimates,http://www.zacks.com/stock/news/357290/square-sq-surpasses-q4-earnings-and-revenue-estimates?cid=CS-BENZ-FT-357290,Zacks,2019-02-28 00:00:00,A
249,"Oxford Asset Management Buys Federal Street Acquisition Corp, Tesaro Inc, BHP Group PLC, Sells ...",http://www.gurufocus.com/news/824891/oxford-asset-management-buys-federal-street-acquisition-corp-tesaro-inc-bhp-group-plc-sells-envision-healthcare-corp-rockwell-collins-inc-ca-inc,GuruFocus,2019-02-27 00:00:00,A
250,Top Ranked Momentum Stocks to Buy for February 26th,http://www.zacks.com/commentary/216520/top-ranked-momentum-stocks-to-buy-for-february-26th?cid=CS-BENZ-FT-216520,Zacks,2019-02-26 00:00:00,A
251,"The Zacks Analyst Blog Highlights: McDonald's, CVS Health, Celgene, Coca-Cola and Agilent",http://www.zacks.com/stock/news/356837/the-zacks-analyst-blog-highlights-mcdonalds-cvs-health-celgene-coca-cola-and-agilent?cid=CS-BENZ-FT-356837,Zacks,2019-02-25 00:00:00,A
252,Top Ranked Momentum Stocks to Buy for February 25th,http://www.zacks.com/commentary/216160/top-ranked-momentum-stocks-to-buy-for-february-25th?cid=CS-BENZ-FT-216160,Zacks,2019-02-25 00:00:00,A
253,"Top Research Reports for McDonald's, CVS Health & Celgene",http://www.zacks.com/research-daily/215706/top-research-reports-for-mcdonalds-cvs-health-celgene?cid=CS-BENZ-FT-215706,Zacks,2019-02-22 00:00:00,A
254,Agilent (A) Upgraded to Buy: Here's Why,http://www.zacks.com/stock/news/356555/agilent-a-upgraded-to-buy-heres-why?cid=CS-BENZ-FT-356555,Zacks,2019-02-22 00:00:00,A
255,Agilent (A) Surpasses Earnings and Revenue Estimates in Q1,http://www.zacks.com/stock/news/355967/agilent-a-surpasses-earnings-and-revenue-estimates-in-q1?cid=CS-BENZ-FT-355967,Zacks,2019-02-21 00:00:00,A
256,"Agilent Technologies, Inc.'s (A) CEO Mike McMullen on Q1 2019 Results - Earnings Call Transcript",https://seekingalpha.com/article/4242742-agilent-technologies-inc-s-ceo-mike-mcmullen-q1-2019-results-earnings-call-transcript?source=partner_benzinga,Seeking Alpha,2019-02-20 00:00:00,A
257,Agilent Technologies Inc. 2019 Q1 - Results - Earnings Call Slides,https://seekingalpha.com/article/4242649-agilent-technologies-inc-2019-q1-results-earnings-call-slides?source=partner_benzinga,Seeking Alpha,2019-02-20 00:00:00,A
258,"Agilent FQ1 non-GAAP earnings up 13%; soft guidance pressures shares, down 4% after hours",https://seekingalpha.com/news/3435290-agilent-fq1-non-gaap-earnings-13-percent-soft-guidance-pressures-shares-4-percent-hours?source=partner_benzinga,Seeking Alpha,2019-02-20 00:00:00,A
259,Thermo Fisher: Stellar Results Year After Year,https://seekingalpha.com/article/4242592-thermo-fisher-stellar-results-year-year?source=partner_benzinga,Seeking Alpha,2019-02-20 00:00:00,A
260,Fiber Optic Sensor Market - The Mastermind Behind Today's Technology,https://seekingalpha.com/article/4242449-fiber-optic-sensor-market-mastermind-behind-todays-technology?source=partner_benzinga,Seeking Alpha,2019-02-20 00:00:00,A
261,Will New Technologies Benefit Agilent (A) in Q1 Earnings?,http://www.zacks.com/stock/news/355217/will-new-technologies-benefit-agilent-a-in-q1-earnings?cid=CS-BENZ-FT-355217,Zacks,2019-02-18 00:00:00,A
262,"Spotlight On Walmart, Samsung And CAGNY (Stocks To Watch Podcast)",https://seekingalpha.com/article/4241698-spotlight-walmart-samsung-cagny-stocks-watch-podcast?source=partner_benzinga,Seeking Alpha,2019-02-17 00:00:00,A
263,"Stocks To Watch: Spotlight On Walmart, Samsung And CAGNY",https://seekingalpha.com/article/4241661-stocks-watch-spotlight-walmart-samsung-cagny?source=partner_benzinga,Seeking Alpha,2019-02-16 00:00:00,A
264,3 Things to Know About Q4 Earnings Season,http://www.zacks.com/commentary/214038/3-things-to-know-about-q4-earnings-season?cid=CS-BENZ-FT-214038,Zacks,2019-02-15 00:00:00,A
265,Agilent Technologies (A) Earnings Expected to Grow: What to Know Ahead of Next Week's Release,http://www.zacks.com/stock/news/354358/agilent-technologies-a-earnings-expected-to-grow-what-to-know-ahead-of-next-weeks-release?cid=CS-BENZ-FT-354358,Zacks,2019-02-13 00:00:00,A
266,Tracking William Von Mueffling's Cantillon Capital Management Portfolio - Q4 2018 Update,https://seekingalpha.com/article/4238866-tracking-william-von-muefflings-cantillon-capital-management-portfolio-q4-2018-update?source=partner_benzinga,Seeking Alpha,2019-02-07 00:00:00,A
267,Agilent Technologies: Buy For Total Return And Potential Technology Growth,https://seekingalpha.com/article/4234575-agilent-technologies-buy-total-return-potential-technology-growth?source=partner_benzinga,Seeking Alpha,2019-01-21 00:00:00,A
268,Top Five Weekend Stock Stories - Jan. 20,https://www.benzinga.com/node/13011151,TalkMarkets,2019-01-20 00:00:00,A
269,Earnings Heat Check (Stocks To Watch Podcast),https://seekingalpha.com/article/4234400-earnings-heat-check-stocks-watch-podcast?source=partner_benzinga,Seeking Alpha,2019-01-20 00:00:00,A
270,Stocks To Watch: Earnings Heat Check,https://seekingalpha.com/article/4234379-stocks-watch-earnings-heat-check?source=partner_benzinga,Seeking Alpha,2019-01-19 00:00:00,A
271,TE Connectivity (TEL) Q1 Earnings: What's in the Cards?,http://www.zacks.com/stock/news/348389/te-connectivity-tel-q1-earnings-whats-in-the-cards?cid=CS-BENZ-FT-348389,Zacks,2019-01-18 00:00:00,A
272,Will Agilent (A) Beat Estimates Again in Its Next Earnings Report?,http://www.zacks.com/stock/news/347263/will-agilent-a-beat-estimates-again-in-its-next-earnings-report?cid=CS-BENZ-FT-347263,Zacks,2019-01-14 00:00:00,A
273,Agilent Technologies Meets 80-Plus Relative Strength Rating Benchmark,http://www.investors.com/ibd-data-stories/agilent-technologies-meets-80-plus-relative-strength-rating-benchmark/?src=A00237A&ven=BenzingaCP&src=AURLAAM,Investor's Business Daily,2019-01-09 00:00:00,A
274,Needham sees 27% upside in Thermo Fisher in today's analyst action,https://seekingalpha.com/news/3420474-needham-sees-27-percent-upside-thermo-fisher-todays-analyst-action?source=partner_benzinga,Seeking Alpha,2019-01-03 00:00:00,A
275,21 Upcoming Dividend Increases To Round Out 2018,https://seekingalpha.com/article/4229562-21-upcoming-dividend-increases-round-2018?source=partner_benzinga,Seeking Alpha,2018-12-20 00:00:00,A
276,Healthcare And Biotechnology Dashboard - Update,https://seekingalpha.com/article/4227788-healthcare-biotechnology-dashboard-update?source=partner_benzinga,Seeking Alpha,2018-12-11 00:00:00,A
277,Twist Bio down 14% on expanded Agilent complaint over alleged theft of trade secrets,https://seekingalpha.com/news/3415748-twist-bio-14-percent-expanded-agilent-complaint-alleged-theft-trade-secrets?source=partner_benzinga,Seeking Alpha,2018-12-10 00:00:00,A
278,Top 5 Buys of the Signature Select Canadian Fund,http://www.gurufocus.com/news/782697/top-5-buys-of-the-signature-select-canadian-fund,GuruFocus,2018-12-07 00:00:00,A
279,Stock Upgrades: Agilent Technologies Shows Rising Relative Strength,http://www.investors.com/ibd-data-stories/stock-upgrades-agilent-technologies-shows-rising-relative-strength/?src=A00237A&ven=BenzingaCP&src=AURLAAM,Investor's Business Daily,2018-11-26 00:00:00,A
280,"Eyes On Cyber Monday, Argentina And Mars (Stocks To Watch Podcast)",https://seekingalpha.com/article/4224310-eyes-cyber-monday-argentina-mars-stocks-watch-podcast?source=partner_benzinga,Seeking Alpha,2018-11-25 00:00:00,A
281,"Stocks To Watch: Eyes On Cyber Monday, Argentina And Mars",https://seekingalpha.com/article/4224281-stocks-watch-eyes-cyber-monday-argentina-mars?source=partner_benzinga,Seeking Alpha,2018-11-24 00:00:00,A
282,Global Stock Markets Red on Tuesday,http://www.gurufocus.com/news/774421/global-stock-markets-red-on-tuesday,GuruFocus,2018-11-20 00:00:00,A
283,Agilent (A) Surpasses Earnings and Revenue Estimates in Q4,http://www.zacks.com/stock/news/338517/agilent-a-surpasses-earnings-and-revenue-estimates-in-q4?cid=CS-BENZ-FT-338517,Zacks,2018-11-20 00:00:00,A
284,"Morning Call For Tuesday, Nov. 20",https://www.benzinga.com/node/12730823,TalkMarkets,2018-11-20 00:00:00,A
285,Agilent Technologies (A) CEO Mike McMullen on Q4 2018 Results - Earnings Call Transcript,https://seekingalpha.com/article/4223396-agilent-technologies-ceo-mike-mcmullen-q4-2018-results-earnings-call-transcript?source=partner_benzinga,Seeking Alpha,2018-11-19 00:00:00,A
286,Earnings related companies tops after hour movers,https://seekingalpha.com/news/3411092-earnings-related-companies-tops-hour-movers?source=partner_benzinga,Seeking Alpha,2018-11-19 00:00:00,A
287,Agilent Technologies Inc. 2018 Q4 - Results - Earnings Call Slides,https://seekingalpha.com/article/4223350-agilent-technologies-inc-2018-q4-results-earnings-call-slides?source=partner_benzinga,Seeking Alpha,2018-11-19 00:00:00,A
288,Agilent FQ4 top line up 9%; earnings up 10%,https://seekingalpha.com/news/3411037-agilent-fq4-top-line-9-percent-earnings-10-percent?source=partner_benzinga,Seeking Alpha,2018-11-19 00:00:00,A
289,"Agilent beats by $0.07, beats on revenue",https://seekingalpha.com/news/3411025-agilent-beats-0_07-beats-revenue?source=partner_benzinga,Seeking Alpha,2018-11-19 00:00:00,A
290,"Agilent (A) Hikes Quarterly Dividend, Rewards Shareholders",http://www.zacks.com/stock/news/338334/agilent-a-hikes-quarterly-dividend-rewards-shareholders?cid=CS-BENZ-FT-338334,Zacks,2018-11-19 00:00:00,A
291,Notable earnings after Monday's close,https://seekingalpha.com/news/3410733-notable-earnings-monday-s-close?source=partner_benzinga,Seeking Alpha,2018-11-18 00:00:00,A
292,Paint It Black (Stocks To Watch Podcast),https://seekingalpha.com/article/4223055-paint-black-stocks-watch-podcast?source=partner_benzinga,Seeking Alpha,2018-11-18 00:00:00,A
293,"Week In Review: CStone Pharma, A Suzhou Oncology Company, Files For Hong Kong IPO",https://www.benzinga.com/node/12720838,TalkMarkets,2018-11-17 00:00:00,A
294,Stocks To Watch: Paint It Black,https://seekingalpha.com/article/4223022-stocks-watch-paint-black?source=partner_benzinga,Seeking Alpha,2018-11-17 00:00:00,A
295,Will New Technologies Benefit Agilent (A) in Q4 Earnings?,http://www.zacks.com/stock/news/337675/will-new-technologies-benefit-agilent-a-in-q4-earnings?cid=CS-BENZ-FT-337675,Zacks,2018-11-15 00:00:00,A
296,Agilent declares $0.164 dividend,https://seekingalpha.com/news/3409669-agilent-declares-0_164-dividend?source=partner_benzinga,Seeking Alpha,2018-11-14 00:00:00,A
297,Illumina's Growth Shows No Signs of Slowing Down,http://www.gurufocus.com/news/768939/illuminas-growth-shows-no-signs-of-slowing-down,GuruFocus,2018-11-12 00:00:00,A
298,Agilent Technologies (A) Earnings Expected to Grow: Should You Buy?,http://www.zacks.com/stock/news/337026/agilent-technologies-a-earnings-expected-to-grow-should-you-buy?cid=CS-BENZ-FT-337026,Zacks,2018-11-12 00:00:00,A
299,Tracking Dan Loeb's Third Point Portfolio - Q3 2018 Update,https://seekingalpha.com/article/4221202-tracking-dan-loebs-third-point-portfolio-q3-2018-update?source=partner_benzinga,Seeking Alpha,2018-11-12 00:00:00,A
300,Tracking William Von Mueffling's Cantillon Capital Management Portfolio - Q3 2018 Update,https://seekingalpha.com/article/4221012-tracking-william-von-muefflings-cantillon-capital-management-portfolio-q3-2018-update?source=partner_benzinga,Seeking Alpha,2018-11-11 00:00:00,A
301,Agilent launches new water quality analyzer,https://seekingalpha.com/news/3404892-agilent-launches-new-water-quality-analyzer?source=partner_benzinga,Seeking Alpha,2018-11-02 00:00:00,A
302,"Analysis: Positioning to Benefit within At Home Group, Synopsys, Agilent Technologies, AGNC ...",http://www.gurufocus.com/news/762637/analysis-positioning-to-benefit-within-at-home-group-synopsys-agilent-technologies-agnc-investment-helios-and-matheson-analytics-and-tech-data--research-highlights-growth-revenue-and-consolidated-results,GuruFocus,2018-10-31 00:00:00,A
303,"Twist Bioscience IPO - Love The Company, Hate The Price",https://seekingalpha.com/article/4215928-twist-bioscience-ipo-love-company-hate-price?source=partner_benzinga,Seeking Alpha,2018-10-30 00:00:00,A
304,"Xact Kapitalforvaltning AB Buys Broadcom Inc, SPDR S&P 5……, Qurate Retail Inc, Sells ...",http://www.gurufocus.com/news/756154/xact-kapitalforvaltning-ab-buys-broadcom-inc-spdr-sp-500-qurate-retail-inc-sells-apple-inc-microsoft-corp-amazoncom-inc,GuruFocus,2018-10-19 00:00:00,A
305,Can Automotive Strength & Acquisitions Aid AVX Q2 Earnings?,http://www.zacks.com/stock/news/329490/can-automotive-strength-acquisitions-aid-avx-q2-earnings?cid=CS-BENZ-FT-329490,Zacks,2018-10-19 00:00:00,A
306,Agilent Technologies Sees RS Rating Rise To 72,http://www.investors.com/ibd-data-stories/agilent-technologies-sees-rs-rating-rise-to-72/?src=A00237A&ven=BenzingaCP&src=AURLAAM,Investor's Business Daily,2018-10-17 00:00:00,A
307,Agilent Technologies Enters Oversold Territory,http://www.zacks.com/stock/news/327609/agilent-technologies-enters-oversold-territory?cid=CS-BENZ-FT-327609,Zacks,2018-10-12 00:00:00,A
308,"Elm Advisors, Llc Buys Wells Fargo, Chevron Corp, Agilent Technologies Inc",http://www.gurufocus.com/news/749398/elm-advisors-llc-buys-wells-fargo-chevron-corp-agilent-technologies-inc,GuruFocus,2018-10-05 00:00:00,A
309,Agilent To Acquire ACEA Biosciences For Cell Analysis Technologies,https://seekingalpha.com/article/4209750-agilent-acquire-acea-biosciences-cell-analysis-technologies?source=partner_benzinga,Seeking Alpha,2018-10-03 00:00:00,A
310,Agilent Technologies (A): Moving Average Crossover Alert,http://www.zacks.com/stock/news/325910/agilent-technologies-a-moving-average-crossover-alert?cid=CS-BENZ-FT-325910,Zacks,2018-10-03 00:00:00,A
311,Agilent goes ex-dividend on Monday,https://seekingalpha.com/news/3393636-agilent-goes-ex-dividend-monday?source=partner_benzinga,Seeking Alpha,2018-09-28 00:00:00,A
312,"Agilent Eyes Cell Analysis Portfolio Expansion, To Buy ACEA",http://www.zacks.com/stock/news/324985/agilent-eyes-cell-analysis-portfolio-expansion-to-buy-acea?cid=CS-BENZ-FT-324985,Zacks,2018-09-26 00:00:00,A
313,IBD Rating Upgrades: Agilent Technologies Shows Improved Price Strength,http://www.investors.com/ibd-data-stories/ibd-rating-upgrades-agilent-technologies-shows-improved-price-strength/?src=A00237A&ven=BenzingaCP&src=AURLAAM,Investor's Business Daily,2018-09-21 00:00:00,A
314,TER vs. A: Which Stock Should Value Investors Buy Now?,http://www.zacks.com/stock/news/324261/ter-vs-a-which-stock-should-value-investors-buy-now?cid=CS-BENZ-FT-324261,Zacks,2018-09-21 00:00:00,A
315,Agilent declares $0.149 dividend,https://seekingalpha.com/news/3391580-agilent-declares-0_149-dividend?source=partner_benzinga,Seeking Alpha,2018-09-19 00:00:00,A
316,Electronics Testing Equipment Outlook: Solid Demand Ahead,http://www.zacks.com/commentary/182615/electronics-testing-equipment-outlook-solid-demand-ahead?cid=CS-BENZ-FT-182615,Zacks,2018-09-18 00:00:00,A
317,Why Is Agilent (A) Up 4.9% Since Last Earnings Report?,http://www.zacks.com/stock/news/323007/why-is-agilent-a-up-49-since-last-earnings-report?cid=CS-BENZ-FT-323007,Zacks,2018-09-13 00:00:00,A
318,36 'Safer' Dividend Healthcare WallStars For September,https://seekingalpha.com/article/4205942-36-safer-dividend-healthcare-wallstars-september?source=partner_benzinga,Seeking Alpha,2018-09-12 00:00:00,A
319,Tesla: Why The Slow Demise Of The Models S And X Is A Bigger Problem Than Model 3's Production Ramp,https://seekingalpha.com/article/4202642-tesla-slow-demise-models-s-x-bigger-problem-model-3s-production-ramp?source=partner_benzinga,Seeking Alpha,2018-08-28 00:00:00,A
320,5 Tech Stocks Momentum Investors Should Buy Right Now,http://www.zacks.com/stock/news/319259/5-tech-stocks-momentum-investors-should-buy-right-now?cid=CS-BENZ-FT-319259,Zacks,2018-08-23 00:00:00,A
321,"Your Daily Pharma Scoop: Audentes's New Designation, Esmya Rejected, Agilent Approved",https://seekingalpha.com/article/4201385-daily-pharma-scoop-audentess-new-designation-esmya-rejected-agilent-approved?source=partner_benzinga,Seeking Alpha,2018-08-23 00:00:00,A
322,FDA OKs expanded use for Agilent companion diagnostic test; shares up 1%,https://seekingalpha.com/news/3384556-fda-oks-expanded-use-agilent-companion-diagnostic-test-shares-1-percent?source=partner_benzinga,Seeking Alpha,2018-08-21 00:00:00,A
323,Agilent acquires business of South Korean partner,https://seekingalpha.com/news/3383989-agilent-acquires-business-south-korean-partner?source=partner_benzinga,Seeking Alpha,2018-08-17 00:00:00,A
324,' Stocks Down on Wednesday,http://www.gurufocus.com/news/724299/3-stocks-down-on-wednesday,GuruFocus,2018-08-15 00:00:00,A
325,Agilent Technologies Inc. 2018 Q3 - Results - Earnings Call Slides,https://seekingalpha.com/article/4199502-agilent-technologies-inc-2018-q3-results-earnings-call-slides?source=partner_benzinga,Seeking Alpha,2018-08-15 00:00:00,A
326,Turkey Fires Back With Tariffs (Wall Street Breakfast Podcast),https://seekingalpha.com/article/4199313-turkey-fires-back-tariffs-wall-street-breakfast-podcast?source=partner_benzinga,Seeking Alpha,2018-08-15 00:00:00,A
327,Wall Street Breakfast: Turkey Fires Back With Tariffs,https://seekingalpha.com/article/4199294-wall-street-breakfast-turkey-fires-back-tariffs?source=partner_benzinga,Seeking Alpha,2018-08-15 00:00:00,A
328,Agilent Technologies Inc. (A) CEO Michael McMullen on Q3 2018 Results - Earnings Call Transcript,https://seekingalpha.com/article/4199253-agilent-technologies-inc-ceo-michael-mcmullen-q3-2018-results-earnings-call-transcript?source=partner_benzinga,Seeking Alpha,2018-08-14 00:00:00,A
329,Agilent FQ3 top line up 8%; earnings up 35%; cash flow down 14%,https://seekingalpha.com/news/3382721-agilent-fq3-top-line-8-percent-earnings-35-percent-cash-flow-14-percent?source=partner_benzinga,Seeking Alpha,2018-08-14 00:00:00,A
330,"Agilent beats by $0.04, revenue in-line",https://seekingalpha.com/news/3382691-agilent-beats-0_04-revenue-line?source=partner_benzinga,Seeking Alpha,2018-08-14 00:00:00,A
331,5 Top-Ranked S&P 500 Stocks to Buy on Market Dip,http://www.zacks.com/stock/news/317874/5-top-ranked-sp-500-stocks-to-buy-on-market-dip?cid=CS-BENZ-FT-317874,Zacks,2018-08-14 00:00:00,A
332,Notable earnings after Tuesday's close,https://seekingalpha.com/news/3382025-notable-earnings-tuesday-s-close?source=partner_benzinga,Seeking Alpha,2018-08-13 00:00:00,A
333,"Turkey Ruins Week for Dow, S&P",https://www.zacks.com/registration/ultimatetrader/welcome/eoffer/30c3?adid=ZU_CONTENT_SYND&cid=CS-BENZ-FT-17530,Zacks,2018-08-13 00:00:00,A
334,Tracking Dan Loeb's Third Point Portfolio - Q2 2018 Update,https://seekingalpha.com/article/4198256-tracking-dan-loebs-third-point-portfolio-q2-2018-update?source=partner_benzinga,Seeking Alpha,2018-08-12 00:00:00,A
335,Stocks To Watch: Any Privacy For Tesla?,https://seekingalpha.com/article/4197968-stocks-watch-privacy-tesla?source=partner_benzinga,Seeking Alpha,2018-08-11 00:00:00,A
336,Will New Technologies Benefit Agilent (A) in Q3 Earnings?,http://www.zacks.com/stock/news/316996/will-new-technologies-benefit-agilent-a-in-q3-earnings?cid=CS-BENZ-FT-316996,Zacks,2018-08-09 00:00:00,A
337,6 Tech Stocks Poised to Smash Estimates This Earnings Season,http://www.zacks.com/stock/news/316815/6-tech-stocks-poised-to-smash-estimates-this-earnings-season?cid=CS-BENZ-FT-316815,Zacks,2018-08-08 00:00:00,A
338,Tracking William Von Mueffling's Cantillon Capital Management Portfolio - Q2 2018 Update,https://seekingalpha.com/article/4196335-tracking-william-von-muefflings-cantillon-capital-management-portfolio-q2-2018-update?source=partner_benzinga,Seeking Alpha,2018-08-08 00:00:00,A
339,Factors Setting the Tone for Shutterfly's (SFLY) Q2 Earnings,http://www.zacks.com/stock/news/316128/factors-setting-the-tone-for-shutterflys-sfly-q2-earnings?cid=CS-BENZ-FT-316128,Zacks,2018-08-06 00:00:00,A
340,What's in Store for Booking Holdings (BKNG) in Q2 Earnings?,http://www.zacks.com/stock/news/316083/whats-in-store-for-booking-holdings-bkng-in-q2-earnings?cid=CS-BENZ-FT-316083,Zacks,2018-08-06 00:00:00,A
341,5 Health Care Stocks Gurus Are Buying,http://www.gurufocus.com/news/717447/5-health-care-stocks-gurus-are-buying,GuruFocus,2018-08-03 00:00:00,A
342,Meet The 'Safer' 35 Healthcare High Yield WallStars For July,https://seekingalpha.com/article/4193396-meet-safer-35-healthcare-high-yield-wallstars-july?source=partner_benzinga,Seeking Alpha,2018-08-01 00:00:00,A
343,Overstock (OSTK) to Report Q2 Earnings: What's in Store?,http://www.zacks.com/stock/news/314983/overstock-ostk-to-report-q2-earnings-whats-in-store?cid=CS-BENZ-FT-314983,Zacks,2018-08-01 00:00:00,A
344,New finance chief at Agilent,https://seekingalpha.com/news/3376228-new-finance-chief-agilent?source=partner_benzinga,Seeking Alpha,2018-07-31 00:00:00,A
345,Square's (SQ) Robust Portfolio is Likely to Aid Q2 Earnings,http://www.zacks.com/stock/news/314294/squares-sq-robust-portfolio-is-likely-to-aid-q2-earnings?cid=CS-BENZ-FT-314294,Zacks,2018-07-30 00:00:00,A
346,TripAdvisor (TRIP) to Report Q2 Earnings: What's in Store?,http://www.zacks.com/stock/news/314273/tripadvisor-trip-to-report-q2-earnings-whats-in-store?cid=CS-BENZ-FT-314273,Zacks,2018-07-30 00:00:00,A
347,"Will New Products, Expansion Aid GoDaddy (GDDY) Q2 Earnings?",http://www.zacks.com/stock/news/314149/will-new-products-expansion-aid-godaddy-gddy-q2-earnings?cid=CS-BENZ-FT-314149,Zacks,2018-07-30 00:00:00,A
348,Will Innovative Products Aid Fitbit's (FIT) Q2 Earnings?,http://www.zacks.com/stock/news/314147/will-innovative-products-aid-fitbits-fit-q2-earnings?cid=CS-BENZ-FT-314147,Zacks,2018-07-30 00:00:00,A
349,Fortive (FTV) Beats on Q2 Earnings & Revenue Estimates,http://www.zacks.com/stock/news/314008/fortive-ftv-beats-on-q2-earnings-revenue-estimates?cid=CS-BENZ-FT-314008,Zacks,2018-07-27 00:00:00,A
350,Square (SQ) to Report Q2 Earnings: What's in the Cards?,http://www.zacks.com/stock/news/314005/square-sq-to-report-q2-earnings-whats-in-the-cards?cid=CS-BENZ-FT-314005,Zacks,2018-07-27 00:00:00,A
351,"Recent Analysis Shows Kala Pharmaceuticals, Integer, Carnival, Coty, Sykes Enterprises, and ...",http://www.gurufocus.com/news/713442/recent-analysis-shows-kala-pharmaceuticals-integer-carnival-coty-sykes-enterprises-and-agilent-technologies-market-influences--renewed-outlook-key-drivers-of-growth,GuruFocus,2018-07-27 00:00:00,A
352,Bionano Genomics Proposes Terms For IPO,https://seekingalpha.com/article/4190215-bionano-genomics-proposes-terms-ipo?source=partner_benzinga,Seeking Alpha,2018-07-25 00:00:00,A
353,IBD Stock Of The Day: Hot Tech Stock Closes In On Buy Zone From This Powerful Pattern,http://www.investors.com/research/stock-of-the-day-keysight-buy-zone-powerful-pattern/?src=A00237A&ven=BenzingaCP&src=AURLAAM,Investor's Business Daily,2018-07-25 00:00:00,A
354,Fortive (FTV) to Report Q2 Earnings: What's in the Cards?,http://www.zacks.com/stock/news/313306/fortive-ftv-to-report-q2-earnings-whats-in-the-cards?cid=CS-BENZ-FT-313306,Zacks,2018-07-25 00:00:00,A
355,What's in Store for Amphenol (APH) This Earnings Season?,http://www.zacks.com/stock/news/312756/whats-in-store-for-amphenol-aph-this-earnings-season?cid=CS-BENZ-FT-312756,Zacks,2018-07-23 00:00:00,A
356,What's in the Cards for Waters Corp (WAT) in Q2 Earnings?,http://www.zacks.com/stock/news/312716/whats-in-the-cards-for-waters-corp-wat-in-q2-earnings?cid=CS-BENZ-FT-312716,Zacks,2018-07-23 00:00:00,A
357,"Factory Mutual Insurance Co Buys Agilent Technologies Inc, Alexion Pharmaceuticals Inc, Morgan ...",http://www.gurufocus.com/news/710201/factory-mutual-insurance-co-buys-agilent-technologies-inc-alexion-pharmaceuticals-inc-morgan-stanley-sells-monsanto-co-broadcom-inc-edwards-lifesciences-corp,GuruFocus,2018-07-19 00:00:00,A
358,Is Agilent Technologies Due for a Rebound?,http://www.gurufocus.com/news/702491/is-agilent-technologies-due-for-a-rebound,GuruFocus,2018-06-29 00:00:00,A
359,Agilent Tech acquires ProZyme,https://seekingalpha.com/news/3367021-agilent-tech-acquires-prozyme?source=partner_benzinga,Seeking Alpha,2018-06-28 00:00:00,A
360,"Agilent (A) Opens Logistics Center, Expands China Foothold",http://www.zacks.com/stock/news/309535/agilent-a-opens-logistics-center-expands-china-foothold?cid=CS-BENZ-FT-309535,Zacks,2018-06-28 00:00:00,A
361,Agilent (A) Gets FDA Approval for Cervical Cancer Test Assay,http://www.zacks.com/stock/news/307833/agilent-a-gets-fda-approval-for-cervical-cancer-test-assay?cid=CS-BENZ-FT-307833,Zacks,2018-06-14 00:00:00,A
362,Agilent Technologies (A) Down 4.5% Since Earnings Report: Can It Rebound?,http://www.zacks.com/stock/news/307613/agilent-technologies-a-down-45-since-earnings-report-can-it-rebound?cid=CS-BENZ-FT-307613,Zacks,2018-06-13 00:00:00,A
363,Agilent (A) Investor Presentation - Slideshow,https://seekingalpha.com/article/4180104-agilent-investor-presentation-slideshow?source=partner_benzinga,Seeking Alpha,2018-06-07 00:00:00,A
364,"Agilent Completes AATI Acquisition, Strengthens Portfolio",http://www.zacks.com/stock/news/306259/agilent-completes-aati-acquisition-strengthens-portfolio?cid=CS-BENZ-FT-306259,Zacks,2018-06-04 00:00:00,A
365,"Stocks To Watch: Eyes On Apple's WWDC, SCOTUS And D.C.",https://seekingalpha.com/article/4178985-stocks-watch-eyes-apples-wwdc-scotus-d-c?source=partner_benzinga,Seeking Alpha,2018-06-02 00:00:00,A
366,Agilent to acquire Ultra Scientific,https://seekingalpha.com/news/3360501-agilent-acquire-ultra-scientific?source=partner_benzinga,Seeking Alpha,2018-05-30 00:00:00,A
367,Agilent's (A) Latest Buyout to Bolster Presence in Korea,http://www.zacks.com/stock/news/304860/agilents-a-latest-buyout-to-bolster-presence-in-korea?cid=CS-BENZ-FT-304860,Zacks,2018-05-24 00:00:00,A
368,Agilent to acquire assets from South Korean distributor Young In Scientific,https://seekingalpha.com/news/3358852-agilent-acquire-assets-south-korean-distributor-young-scientific?source=partner_benzinga,Seeking Alpha,2018-05-23 00:00:00,A
369,"Strong Product Portfolio Aids Agilent (A), Risks Persist",http://www.zacks.com/stock/news/303953/strong-product-portfolio-aids-agilent-a-risks-persist?cid=CS-BENZ-FT-303953,Zacks,2018-05-17 00:00:00,A
370,Agilent declares $0.149 dividend,https://seekingalpha.com/news/3357433-agilent-declares-0_149-dividend?source=partner_benzinga,Seeking Alpha,2018-05-16 00:00:00,A
371,"Agilent (A) Completes Genohm Buyout, Strengthens Portfolio",http://www.zacks.com/stock/news/303674/agilent-a-completes-genohm-buyout-strengthens-portfolio?cid=CS-BENZ-FT-303674,Zacks,2018-05-16 00:00:00,A
372,"Itron (ITRI) Q1 Earnings In Line, Revenues Beat Estimates",http://www.zacks.com/stock/news/303646/itron-itri-q1-earnings-in-line-revenues-beat-estimates?cid=CS-BENZ-FT-303646,Zacks,2018-05-15 00:00:00,A
373,Wall Street Retreats on Tuesday,http://www.gurufocus.com/news/682634/wall-street-retreats-on-tuesday-,GuruFocus,2018-05-15 00:00:00,A
374,Premarket Losers as of 9:05 am (5/15/2018),https://seekingalpha.com/news/3356745-premarket-losers-9-05-5-15-2018?source=partner_benzinga,Seeking Alpha,2018-05-15 00:00:00,A
375,"Agilent (A) Reports In-Line Q2 Earnings, Misses on Revenues",http://www.zacks.com/stock/news/303502/agilent-a-reports-in-line-q2-earnings-misses-on-revenues?cid=CS-BENZ-FT-303502,Zacks,2018-05-15 00:00:00,A
376,Agilent Technologies (A) CEO Michael McMullen on Q2 2018 Results - Earnings Call Transcript,https://seekingalpha.com/article/4173996-agilent-technologies-ceo-michael-mcmullen-q2-2018-results-earnings-call-transcript?source=partner_benzinga,Seeking Alpha,2018-05-14 00:00:00,A
377,After Hours Gainers / Losers (05/14/2018),https://seekingalpha.com/news/3356493-hours-gainers-losers-05-14-2018?source=partner_benzinga,Seeking Alpha,2018-05-14 00:00:00,A
378,Agilent Technologies Inc. 2018 Q2 - Results - Earnings Call Slides,https://seekingalpha.com/article/4173915-agilent-technologies-inc-2018-q2-results-earnings-call-slides?source=partner_benzinga,Seeking Alpha,2018-05-14 00:00:00,A
379,Agilent FQ2 top line up 9%; earnings up 25%; cash flow up 18%; shares down 7% after hours,https://seekingalpha.com/news/3356436-agilent-fq2-top-line-9-percent-earnings-25-percent-cash-flow-18-percent-shares-7-percent?source=partner_benzinga,Seeking Alpha,2018-05-14 00:00:00,A
380,5 Top-Ranked Stocks Leading the Market Rally This Year,http://www.zacks.com/stock/news/303377/5-top-ranked-stocks-leading-the-market-rally-this-year?cid=CS-BENZ-FT-303377,Zacks,2018-05-14 00:00:00,A
381,The 1% Dividend Growth Portfolio Q1 Update - Let It Rain Dividends,https://seekingalpha.com/article/4173608-1-percent-dividend-growth-portfolio-q1-update-let-rain-dividends?source=partner_benzinga,Seeking Alpha,2018-05-14 00:00:00,A
382,Notable earnings after Monday's close,https://seekingalpha.com/news/3356040-notable-earnings-monday-s-close?source=partner_benzinga,Seeking Alpha,2018-05-13 00:00:00,A
383,Stocks To Watch: A Fed Head Talks Crypto,https://seekingalpha.com/article/4173232-stocks-watch-fed-head-talks-crypto?source=partner_benzinga,Seeking Alpha,2018-05-12 00:00:00,A
384,"Quantbot Technologies LP Buys Cisco Systems Inc, Dominion Energy Inc, eBay Inc, Sells Costco ...",http://www.gurufocus.com/news/680681/quantbot-technologies-lp-buys-cisco-systems-inc-dominion-energy-inc-ebay-inc-sells-costco-wholesale-corp-johnson--johnson-facebook-inc,GuruFocus,2018-05-11 00:00:00,A
385,Will New Technologies Benefit Agilent (A) in Q2 Earnings?,http://www.zacks.com/stock/news/303271/will-new-technologies-benefit-agilent-a-in-q2-earnings?cid=CS-BENZ-FT-303271,Zacks,2018-05-11 00:00:00,A
386,"Wayfair (W) Q1 Loss Wider Than Anticipated, Revenues Beat",http://www.zacks.com/stock/news/302560/wayfair-w-q1-loss-wider-than-anticipated-revenues-beat?cid=CS-BENZ-FT-302560,Zacks,2018-05-07 00:00:00,A
387,"Mettler-Toledo (MTD) Q1 Earnings Lag Estimates, Revenues Top",http://www.zacks.com/stock/news/302362/mettler-toledo-mtd-q1-earnings-lag-estimates-revenues-top?cid=CS-BENZ-FT-302362,Zacks,2018-05-04 00:00:00,A
388,Agilent to buy lab management software developer Genohm,https://seekingalpha.com/news/3351760-agilent-buy-lab-management-software-developer-genohm?source=partner_benzinga,Seeking Alpha,2018-05-02 00:00:00,A
389,AMETEK (AME) Warms Up to Q1 Earnings: What's in the Offing?,http://www.zacks.com/stock/news/301560/ametek-ame-warms-up-to-q1-earnings-whats-in-the-offing?cid=CS-BENZ-FT-301560,Zacks,2018-04-30 00:00:00,A
390,WESCO's (WCC) Earnings and Revenues Beat Estimates in Q1,http://www.zacks.com/stock/news/301541/wescos-wcc-earnings-and-revenues-beat-estimates-in-q1?cid=CS-BENZ-FT-301541,Zacks,2018-04-30 00:00:00,A
391,Fortive's (FTV) Q1 Earnings and Revenues Beat Estimates,http://www.zacks.com/stock/news/301308/fortives-ftv-q1-earnings-and-revenues-beat-estimates?cid=CS-BENZ-FT-301308,Zacks,2018-04-27 00:00:00,A
392,Is a Beat in the Cards for Seagate (STX) in Q3 Earnings?,http://www.zacks.com/stock/news/301294/is-a-beat-in-the-cards-for-seagate-stx-in-q3-earnings?cid=CS-BENZ-FT-301294,Zacks,2018-04-27 00:00:00,A
393,Expedia (EXPE) Beats Earnings and Revenue Estimates in Q1,http://www.zacks.com/stock/news/301287/expedia-expe-beats-earnings-and-revenue-estimates-in-q1?cid=CS-BENZ-FT-301287,Zacks,2018-04-27 00:00:00,A
394,First Data (FDC) Q1 Earnings: A Disappointment in Store?,http://www.zacks.com/stock/news/300990/first-data-fdc-q1-earnings-a-disappointment-in-store?cid=CS-BENZ-FT-300990,Zacks,2018-04-26 00:00:00,A
395,What's in the Offing for Nielsen (NLSN) in Q1 Earnings?,http://www.zacks.com/stock/news/300636/whats-in-the-offing-for-nielsen-nlsn-in-q1-earnings?cid=CS-BENZ-FT-300636,Zacks,2018-04-25 00:00:00,A
396,Can a Diverse Portfolio Lift Maxim's (MXIM) Earnings in Q3?,http://www.zacks.com/stock/news/300238/can-a-diverse-portfolio-lift-maxims-mxim-earnings-in-q3?cid=CS-BENZ-FT-300238,Zacks,2018-04-23 00:00:00,A
397,Is a Beat in the Cards for Fortive (FTV) in Q1 Earnings?,http://www.zacks.com/stock/news/300235/is-a-beat-in-the-cards-for-fortive-ftv-in-q1-earnings?cid=CS-BENZ-FT-300235,Zacks,2018-04-23 00:00:00,A
398,Danaher Q1 beat positive for peers - Evercore ISI,https://seekingalpha.com/news/3346794-danaher-q1-beat-positive-peers-evercore-isi?source=partner_benzinga,Seeking Alpha,2018-04-19 00:00:00,A
399,Amazon Extends Two-Hour Whole Foods Delivery Service to LA,http://www.zacks.com/stock/news/298758/amazon-extends-two-hour-whole-foods-delivery-service-to-la?cid=CS-BENZ-FT-298758,Zacks,2018-04-11 00:00:00,A
400,"Strong Product Portfolio Aids AMETEK (AME), Risks Persist",http://www.zacks.com/stock/news/298482/strong-product-portfolio-aids-ametek-ame-risks-persist?cid=CS-BENZ-FT-298482,Zacks,2018-04-09 00:00:00,A
401,Premarket analyst action - healthcare,https://seekingalpha.com/news/3344358-premarket-analyst-action-healthcare?source=partner_benzinga,Seeking Alpha,2018-04-09 00:00:00,A
402,IBD Rating Upgrades: Agilent Technologies Shows Improved Relative Price Strength,http://www.investors.com/ibd-data-stories/ibd-rating-upgrades-agilent-technologies-shows-improved-relative-price-strength/?src=A00237A&ven=BenzingaCP&src=AURLAAM,Investor's Business Daily,2018-04-04 00:00:00,A
403,"Agilent to Acquire Lasergen for $105M, Strengthens Portfolio",http://www.zacks.com/stock/news/297994/agilent-to-acquire-lasergen-for-%24105m-strengthens-portfolio?cid=CS-BENZ-FT-297994,Zacks,2018-04-04 00:00:00,A
404,Agilent to acquire remaining shares of Lasergen for $105M,https://seekingalpha.com/news/3343495-agilent-acquire-remaining-shares-lasergen-105m?source=partner_benzinga,Seeking Alpha,2018-04-03 00:00:00,A
405,"Upcoming Dividends: 27 Companies, 6 Increases, 5 Double-Digit Increases",https://seekingalpha.com/article/4159893-upcoming-dividends-27-companies-6-increases-5-double-digit-increases?source=partner_benzinga,Seeking Alpha,2018-03-29 00:00:00,A
406,Agilent Technologies Shows Rising Relative Strength; Still Shy Of Key Benchmark,http://www.investors.com/ibd-data-stories/agilent-technologies-shows-rising-relative-strength-still-shy-of-key-benchmark/?src=A00237A&ven=BenzingaCP&src=AURLAAM,Investor's Business Daily,2018-03-27 00:00:00,A
407,Agilent declares $0.149 dividend,https://seekingalpha.com/news/3340841-agilent-declares-0_149-dividend?source=partner_benzinga,Seeking Alpha,2018-03-21 00:00:00,A
408,Philips' Dual Use DRF System Gets FDA Nod for Marketing,http://www.zacks.com/stock/news/295855/philips-dual-use-drf-system-gets-fda-nod-for-marketing?cid=CS-BENZ-FT-295855,Zacks,2018-03-16 00:00:00,A
409,Danaher Agrees To Acquire Integrated DNA Technologies For Genetic Tech,https://seekingalpha.com/article/4155250-danaher-agrees-acquire-integrated-dna-technologies-genetic-tech?source=partner_benzinga,Seeking Alpha,2018-03-09 00:00:00,A
410,"Agilent's AATI Acquisition to Strengthen Portfolio, Footprint",http://www.zacks.com/stock/news/294911/agilents-aati-acquisition-to-strengthen-portfolio-footprint?cid=CS-BENZ-FT-294911,Zacks,2018-03-08 00:00:00,A
411,Agilent to acquire Advanced Analytical for $250M,https://seekingalpha.com/news/3337473-agilent-acquire-advanced-analytical-250m?source=partner_benzinga,Seeking Alpha,2018-03-08 00:00:00,A
412,Agilent Technologies Shows Improved Relative Price Performance; Still Shy Of Benchmark,http://www.investors.com/ibd-data-stories/agilent-technologies-shows-improved-relative-price-performance-still-shy-of-benchmark/?src=A00237A&ven=BenzingaCP&src=AURLAAM,Investor's Business Daily,2018-03-06 00:00:00,A
413,PerkinElmer Riding A Strong Cycle And Making Positive Long-Term Shifts,https://seekingalpha.com/article/4152845-perkinelmer-riding-strong-cycle-making-positive-long-term-shifts?source=partner_benzinga,Seeking Alpha,2018-03-06 00:00:00,A
414,Utilities See Pattern Best Gainer And Kenon Holdings Top Yielder Per February Stats,https://seekingalpha.com/article/4152692-utilities-see-pattern-best-gainer-kenon-holdings-top-yielder-per-february-stats?source=partner_benzinga,Seeking Alpha,2018-03-02 00:00:00,A
415,"Tiger Management Buys eBay, IQVIA, Comcast",http://www.gurufocus.com/news/646382/tiger-management-buys-ebay-iqvia-comcast,GuruFocus,2018-02-26 00:00:00,A
416,Tracking Stephen Mandel's Lone Pine Capital Portfolio - Q4 2017 Update,https://seekingalpha.com/article/4150481-tracking-stephen-mandels-lone-pine-capital-portfolio-q4-2017-update?source=partner_benzinga,Seeking Alpha,2018-02-25 00:00:00,A
417,Steve Mandel Takes an Interest in IQVIA Holdings,http://www.gurufocus.com/news/645543/steve-mandel-takes-an-interest-in-iqvia-holdings,GuruFocus,2018-02-23 00:00:00,A
418,Aceto: Collapsing Generic Drug Pricing Brings Risk Of Covenant Violations,https://seekingalpha.com/article/4149194-aceto-collapsing-generic-drug-pricing-brings-risk-covenant-violations?source=partner_benzinga,Seeking Alpha,2018-02-22 00:00:00,A
419,"Investor Expectations to Drive Momentum within Easterly Government Properties, Terreno Realty, ...",http://www.gurufocus.com/news/644572/investor-expectations-to-drive-momentum-within-easterly-government-properties-terreno-realty-hilton-grand-vacations-agilent-technologies-maxim-integrated-products-and-metlife--discovering-underlying-factors-of-influenc,GuruFocus,2018-02-21 00:00:00,A
420,Agilent Technologies Shows Market Leadership With Jump To 83 RS Rating,http://www.investors.com/ibd-data-stories/agilent-technologies-shows-market-leadership-with-jump-to-83-rs-rating/?src=A00237A&ven=BenzingaCP&src=AURLAAM,Investor's Business Daily,2018-02-16 00:00:00,A
421,"Agilent (A) Q1 Earnings & Revenues Beat, '18 View Positive",http://www.zacks.com/stock/news/292561/agilent-a-q1-earnings-revenues-beat-18-view-positive?cid=CS-BENZ-FT-292561,Zacks,2018-02-15 00:00:00,A
422,Agilent Technologies (A) Q1 2018 Results - Earnings Call Transcript,https://seekingalpha.com/article/4146898-agilent-technologies-q1-2018-results-earnings-call-transcript?source=partner_benzinga,Seeking Alpha,2018-02-14 00:00:00,A
423,Agilent Technologies Inc. 2018 Q1 - Results - Earnings Call Slides,https://seekingalpha.com/article/4146889-agilent-technologies-inc-2018-q1-results-earnings-call-slides?source=partner_benzinga,Seeking Alpha,2018-02-14 00:00:00,A
424,Agilent FQ1 top line up 14%; non-GAAP earnings up 26%; cash flow up 85%; guidance raised; shares up 2% after hours,https://seekingalpha.com/news/3331196-agilent-fq1-top-line-14-percent-non-gaap-earnings-26-percent-cash-flow-85-percent-guidance?source=partner_benzinga,Seeking Alpha,2018-02-14 00:00:00,A
425,"Agilent beats by $0.08, beats on revenue",https://seekingalpha.com/news/3331123-agilent-beats-0_08-beats-revenue?source=partner_benzinga,Seeking Alpha,2018-02-14 00:00:00,A
426,Tracking William Von Mueffling's Cantillon Capital Management Portfolio - Q4 2017 Update,https://seekingalpha.com/article/4146495-tracking-william-von-muefflings-cantillon-capital-management-portfolio-q4-2017-update?source=partner_benzinga,Seeking Alpha,2018-02-14 00:00:00,A
427,Notable earnings after Wednesday's close,https://seekingalpha.com/news/3330573-notable-earnings-wednesday-s-close?source=partner_benzinga,Seeking Alpha,2018-02-13 00:00:00,A
428,Is a Surprise Coming for Agilent Technologies (A) This Earnings Season?,http://www.zacks.com/stock/news/292272/is-a-surprise-coming-for-agilent-technologies-a-this-earnings-season?cid=CS-BENZ-FT-292272,Zacks,2018-02-13 00:00:00,A
429,What's in the Cards for Agilent (A) in Q1 Earnings Season?,http://www.zacks.com/stock/news/292211/whats-in-the-cards-for-agilent-a-in-q1-earnings-season?cid=CS-BENZ-FT-292211,Zacks,2018-02-12 00:00:00,A
430,Stocks Showing Improving Market Leadership: Agilent Technologies Earns 81 RS Rating,http://www.investors.com/ibd-data-stories/stocks-showing-improving-market-leadership-agilent-technologies-earns-81-rs-rating/?src=A00237A&ven=BenzingaCP&src=AURLAAM,Investor's Business Daily,2018-02-12 00:00:00,A
431,Omnicom's (OMC) Q4 Earnings: Will the Stock Beat Again?,http://www.zacks.com/stock/news/292114/omnicoms-omc-q4-earnings-will-the-stock-beat-again?cid=CS-BENZ-FT-292114,Zacks,2018-02-12 00:00:00,A
432,Will Flash-Based Solutions Aid NetApp's (NTAP) Q3 Earnings?,http://www.zacks.com/stock/news/292078/will-flash-based-solutions-aid-netapps-ntap-q3-earnings?cid=CS-BENZ-FT-292078,Zacks,2018-02-12 00:00:00,A
433,What's in the Offing for QuickLogic (QUIK) in Q4 Earnings?,http://www.zacks.com/stock/news/292076/whats-in-the-offing-for-quicklogic-quik-in-q4-earnings?cid=CS-BENZ-FT-292076,Zacks,2018-02-12 00:00:00,A
434,Will Growth in Diner Base Aid GrubHub's (GRUB) Q4 Earnings?,http://www.zacks.com/stock/news/291564/will-growth-in-diner-base-aid-grubhubs-grub-q4-earnings?cid=CS-BENZ-FT-291564,Zacks,2018-02-06 00:00:00,A
435,What's in the Cards for Broadridge (BR) in Q2 Earnings?,http://www.zacks.com/stock/news/291534/whats-in-the-cards-for-broadridge-br-in-q2-earnings?cid=CS-BENZ-FT-291534,Zacks,2018-02-06 00:00:00,A
436,Will NCR Deliver a Positive Surprise This Earnings Season?,http://www.zacks.com/stock/news/291386/will-ncr-deliver-a-positive-surprise-this-earnings-season?cid=CS-BENZ-FT-291386,Zacks,2018-02-06 00:00:00,A
437,"Eaton Vance Worldwide Health Sciences Fund Buys AbbVie Inc, Royal Philips NV, Anthem Inc, Sells ...",http://www.gurufocus.com/news/631663/eaton-vance-worldwide-health-sciences-fund-buys-abbvie-inc-royal-philips-nv-anthem-inc-sells-allergan-plc-zimmer-biomet-holdings-inc-hologic-inc,GuruFocus,2018-01-29 00:00:00,A
438,The 1% Dividend Growth Model Portfolio Will Break The Mold And Transform Opinions,https://seekingalpha.com/article/4138362-1-percent-dividend-growth-model-portfolio-will-break-mold-transform-opinions?source=partner_benzinga,Seeking Alpha,2018-01-18 00:00:00,A
439,Agilent (A) Expands Portfolio With Luxcel Biosciences Buyout,http://www.zacks.com/stock/news/288324/agilent-a-expands-portfolio-with-luxcel-biosciences-buyout?cid=CS-BENZ-FT-288324,Zacks,2018-01-10 00:00:00,A
440,Agilent Technologies: An Assessment,https://seekingalpha.com/article/4136454-agilent-technologies-assessment?source=partner_benzinga,Seeking Alpha,2018-01-10 00:00:00,A
441,Agilent (A) Presents At 36th Annual J.P. Morgan Healthcare Conference - Slideshow,https://seekingalpha.com/article/4136341-agilent-presents-36th-annual-j-p-morgan-healthcare-conference-slideshow?source=partner_benzinga,Seeking Alpha,2018-01-09 00:00:00,A
442,Agilent acquires Luxcel Biosciences,https://seekingalpha.com/news/3321843-agilent-acquires-luxcel-biosciences?source=partner_benzinga,Seeking Alpha,2018-01-09 00:00:00,A
443,AdvisorShares Announces December —…–7 Distributions,http://www.gurufocus.com/news/616002/advisorshares-announces-december-2017-distributions,GuruFocus,2017-12-29 00:00:00,A
444,Is Agilent Technologies With A Good Business And Total Return To Pricey?,https://seekingalpha.com/article/4133429-agilent-technologies-good-business-total-return-pricey?source=partner_benzinga,Seeking Alpha,2017-12-22 00:00:00,A
445,"Agilent Technologies Inc (A) Files –…-K for the Fiscal Year Ended on October '–, —…–7",http://www.gurufocus.com/news/614019/agilent-technologies-inc-a-files-10k-for-the-fiscal-year-ended-on-october-31-2017,GuruFocus,2017-12-21 00:00:00,A
446,86 Dividend Growth Stocks Going Ex-Dividend Next Week,https://seekingalpha.com/article/4133284-86-dividend-growth-stocks-going-ex-dividend-next-week?source=partner_benzinga,Seeking Alpha,2017-12-21 00:00:00,A
447,Agilent (A) Down 3.7% Since Earnings Report: Can It Rebound?,http://www.zacks.com/stock/news/286612/agilent-a-down-37-since-earnings-report-can-it-rebound?cid=CS-BENZ-FT-286612,Zacks,2017-12-21 00:00:00,A
448,6 Stocks Beating the Market,http://www.gurufocus.com/news/611227/6-stocks-beating-the-market,GuruFocus,2017-12-15 00:00:00,A
449,Dodge Agilent's Bubble Price,https://seekingalpha.com/article/4129388-dodge-agilents-bubble-price?source=partner_benzinga,Seeking Alpha,2017-12-04 00:00:00,A
450,Spark Energy Still Tops 'Safer' Dividend Utilities By Broker Reckoned November Gains,https://seekingalpha.com/article/4128366-spark-energy-still-tops-safer-dividend-utilities-broker-reckoned-november-gains?source=partner_benzinga,Seeking Alpha,2017-11-29 00:00:00,A
451,"The Week That Was In Review - November 24, 2017",https://seekingalpha.com/article/4127661-week-review-november-24-2017?source=partner_benzinga,Seeking Alpha,2017-11-26 00:00:00,A
452,4 Stocks Investors Should Watch on Tuesday,http://www.gurufocus.com/news/599977/4-stocks-investors-should-watch-on-tuesday,GuruFocus,2017-11-21 00:00:00,A
453,Agilent Technologies Inc. 2017 Q4 - Results - Earnings Call Slides,https://seekingalpha.com/article/4126883-agilent-technologies-inc-2017-q4-results-earnings-call-slides?source=partner_benzinga,Seeking Alpha,2017-11-21 00:00:00,A
454,Stocks Up Big As Apple Leads Dow; Is It Time To Buy This Top Internet Play?,http://www.investors.com/market-trend/stock-market-today/stocks-up-big-apple-leads-dow-is-it-time-to-buy-this-top-internet-play/?src=A00237A&ven=BenzingaCP&src=AURLAAM,Investor's Business Daily,2017-11-21 00:00:00,A
455,"Agilent (A) Beats on Q4 Earnings & Revenues, Lowers Guidance",http://www.zacks.com/stock/news/283547/agilent-a-beats-on-q4-earnings-revenues-lowers-guidance?cid=CS-BENZ-FT-283547,Zacks,2017-11-21 00:00:00,A
456,Agilent Technologies' (A) CEO Mike McMullen on Q4 2017 Results - Earnings Call Transcript,https://seekingalpha.com/article/4126654-agilent-technologies-ceo-mike-mcmullen-q4-2017-results-earnings-call-transcript?source=partner_benzinga,Seeking Alpha,2017-11-20 00:00:00,A
457,After Hours Gainers / Losers,https://seekingalpha.com/news/3313681-hours-gainers-losers?source=partner_benzinga,Seeking Alpha,2017-11-20 00:00:00,A
458,"Agilent fiscal Q4 top line up 7%; earnings up 41%; cash flow ops up 23%; soft Q1 guidance sinks shares, down 5% after hours",https://seekingalpha.com/news/3313625-agilent-fiscal-q4-top-line-7-percent-earnings-41-percent-cash-flow-ops-23-percent-soft-q1?source=partner_benzinga,Seeking Alpha,2017-11-20 00:00:00,A
459,"Agilent beats by $0.05, beats on revenue",https://seekingalpha.com/news/3313612-agilent-beats-0_05-beats-revenue?source=partner_benzinga,Seeking Alpha,2017-11-20 00:00:00,A
460,Game Plan For The Week - Cramer's Mad Money (11/17/17),https://seekingalpha.com/article/4126267-game-plan-week-cramers-mad-money-11-17-17?source=partner_benzinga,Seeking Alpha,2017-11-20 00:00:00,A
461,Notable earnings after Monday's close,https://seekingalpha.com/news/3313364-notable-earnings-monday-s-close?source=partner_benzinga,Seeking Alpha,2017-11-19 00:00:00,A
462,"Agilent Technologies Rewards Shareholders, Hikes Dividend",http://www.zacks.com/stock/news/283285/agilent-technologies-rewards-shareholders-hikes-dividend?cid=CS-BENZ-FT-283285,Zacks,2017-11-17 00:00:00,A
463,Patterson Companies (PDCO) Q2 Earnings: What's in Store?,http://www.zacks.com/stock/news/283230/patterson-companies-pdco-q2-earnings-whats-in-store?cid=CS-BENZ-FT-283230,Zacks,2017-11-17 00:00:00,A
464,"Top Analyst Reports for TOTAL S.A., Humana & Novo Nordisk",http://www.zacks.com/research-daily/137429/top-analyst-reports-for-total-sa-humana-novo-nordisk?cid=CS-BENZ-FT-137429,Zacks,2017-11-16 00:00:00,A
465,"Itron Extends SMECO Contract, Offers Outsourced Solution",http://www.zacks.com/stock/news/282801/itron-extends-smeco-contract-offers-outsourced-solution?cid=CS-BENZ-FT-282801,Zacks,2017-11-14 00:00:00,A
466,Fujifilm (FUJIY) Invests ??170M on TOKIWA-Bio's Tech-License,http://www.zacks.com/stock/news/282611/fujifilm-fujiy-invests-170m-on-tokiwa-bios-tech-license?cid=CS-BENZ-FT-282611,Zacks,2017-11-13 00:00:00,A
467,"Market Trends Toward New Normal in Domino's Pizza, Sangamo Therapeutics, Entergy, Agilent ...",http://www.gurufocus.com/news/593024/market-trends-toward-new-normal-in-dominos-pizza-sangamo-therapeutics-entergy-agilent-technologies-zayo-group-and-republic-services--emerging-consolidated-expectations-analyst-ratings,GuruFocus,2017-11-10 00:00:00,A
468,Itron (ITRI) Q3 Earnings & Revenues Lag on Shipment Delays,http://www.zacks.com/stock/news/281664/itron-itri-q3-earnings-revenues-lag-on-shipment-delays?cid=CS-BENZ-FT-281664,Zacks,2017-11-03 00:00:00,A
469,"Fujifilm (FUJIY) Q2 Earnings Up Y/Y, Revenues Top Estimates",http://www.zacks.com/stock/news/281226/fujifilm-fujiy-q2-earnings-up-y-y-revenues-top-estimates?cid=CS-BENZ-FT-281226,Zacks,2017-11-01 00:00:00,A
470,MKS Instruments (MKSI) Beats on Q3 Earnings and Revenues,http://www.zacks.com/stock/news/280163/mks-instruments-mksi-beats-on-q3-earnings-and-revenues?cid=CS-BENZ-FT-280163,Zacks,2017-10-25 00:00:00,A
471,"Nationwide Fund Advisors Buys DowDuPont Inc, PepsiCo Inc, Visa Inc, Sells General Electric Co, ...",http://www.gurufocus.com/news/583112/nationwide-fund-advisors-buys-dowdupont-inc-pepsico-inc-visa-inc-sells-general-electric-co-panera-bread-co-ei-du-pont-de-nemours,GuruFocus,2017-10-23 00:00:00,A
472,Why You Should Add Agilent (A) to Your Portfolio Right Now,http://www.zacks.com/stock/news/278414/why-you-should-add-agilent-a-to-your-portfolio-right-now?cid=CS-BENZ-FT-278414,Zacks,2017-10-11 00:00:00,A
473,Will Agilent Technologies (A) Crush Estimates at Its Next Earnings Report?,http://www.zacks.com/stock/news/278370/will-agilent-technologies-a-crush-estimates-at-its-next-earnings-report?cid=CS-BENZ-FT-278370,Zacks,2017-10-11 00:00:00,A
474,VWR's New Kitting Center in Czech Republic to Boost EMEA Arm,http://www.zacks.com/stock/news/277297/vwrs-new-kitting-center-in-czech-republic-to-boost-emea-arm?cid=CS-BENZ-FT-277297,Zacks,2017-09-29 00:00:00,A
475,Agilent Boosts Market Share With FDA Nod to New Cancer Test,http://www.zacks.com/stock/news/277087/agilent-boosts-market-share-with-fda-nod-to-new-cancer-test?cid=CS-BENZ-FT-277087,Zacks,2017-09-27 00:00:00,A
476,Agilent Technologies (A) Up 10.6% Since Earnings Report: Can It Continue?,http://www.zacks.com/stock/news/275900/agilent-technologies-a-up-106-since-earnings-report-can-it-continue?cid=CS-BENZ-FT-275900,Zacks,2017-09-15 00:00:00,A
477,Agilent Technologies (A) Hits Fresh 52-Week High of $63.63,http://www.zacks.com/stock/news/273864/agilent-technologies-a-hits-fresh-52-week-high-of-%246363?cid=CS-BENZ-FT-273864,Zacks,2017-08-30 00:00:00,A
478,Is Agilent Technologies (A) Stock a Solid Choice Right Now?,http://www.zacks.com/stock/news/272977/is-agilent-technologies-a-stock-a-solid-choice-right-now?cid=CS-BENZ-FT-272977,Zacks,2017-08-23 00:00:00,A
479,"Stocks Take Tight Gains; Miner, Lab Tool Maker Retake Buy Points",http://www.investors.com/market-trend/stock-market-today/stocks-take-tight-gains-miner-lab-tool-maker-retake-buy-points/?src=A00237A&ven=BenzingaCP&src=AURLAAM,Investor's Business Daily,2017-08-16 00:00:00,A
480,"Urban Outfitters, RADA Electronic and Target Lead the Market Wednesday",http://www.gurufocus.com/news/554641/urban-outfitters-rada-electronic-and-target-lead-the-market-wednesday,GuruFocus,2017-08-16 00:00:00,A
481,"Futures: Can Nasdaq, S&P 500 Revive Rebound? Big Box Retailers Climb",http://www.investors.com/market-trend/stock-market-today/futures-can-nasdaq-sp-500-extend-rebound-big-box-retailers-climb/?src=A00237A&ven=BenzingaCP&src=AURLAAM,Investor's Business Daily,2017-08-16 00:00:00,A
482,New Strong Buy Stocks for July 24th,http://www.zacks.com/commentary/122442/new-strong-buy-stocks-for-july-24th?cid=CS-BENZ-FT-122442,Zacks,2017-07-24 00:00:00,A
483,Top Ranked Momentum Stocks to Buy for July 17th,http://www.zacks.com/commentary/121849/top-ranked-momentum-stocks-to-buy-for-july-17th?cid=CS-BENZ-FT-121849,Zacks,2017-07-17 00:00:00,A
484,IndexIQ Lowers Fees For Its Suite Of 5… Percent Currency Hedged International Equity ETFs,http://www.gurufocus.com/news/539428/indexiq-lowers-fees-for-its-suite-of-50-percent-currency-hedged-international-equity-etfs,GuruFocus,2017-07-12 00:00:00,A
485,Mitek Systems (MITK) Looks Good: Stock Adds 10.5% in Session,http://www.zacks.com/stock/news/267061/mitek-systems-mitk-looks-good-stock-adds-105-in-session?cid=CS-BENZ-FT-267061,Zacks,2017-07-11 00:00:00,A
486,Why Investors Should Buy Agilent Technologies (A) Right Now,http://www.zacks.com/stock/news/266473/why-investors-should-buy-agilent-technologies-a-right-now?cid=CS-BENZ-FT-266473,Zacks,2017-07-05 00:00:00,A
487,Agilent (A) Expands Use of Cancer Diagnostics in Europe,http://www.zacks.com/stock/news/264770/agilent-a-expands-use-of-cancer-diagnostics-in-europe?cid=CS-BENZ-FT-264770,Zacks,2017-06-19 00:00:00,A
488,Fujifilm (FUJIY) Braves Currency Headwinds on Growth Drivers,http://www.zacks.com/stock/news/264634/fujifilm-fujiy-braves-currency-headwinds-on-growth-drivers?cid=CS-BENZ-FT-264634,Zacks,2017-06-16 00:00:00,A
489,"Fujifilm (FUJIY) Beats on Earnings, Misses Revenues in Q4",http://www.zacks.com/stock/news/264078/fujifilm-fujiy-beats-on-earnings-misses-revenues-in-q4?cid=CS-BENZ-FT-264078,Zacks,2017-06-13 00:00:00,A
490,New Strong Buy Stocks for June 12th,http://www.zacks.com/commentary/117116/new-strong-buy-stocks-for-june-12th?cid=CS-BENZ-FT-117116,Zacks,2017-06-12 00:00:00,A
491,Stocks Rise In Back And Forth Session; Will Alphabet Spin Off Waymo?,http://www.investors.com/market-trend/stock-market-today/stocks-rise-in-back-and-forth-session-will-alphabet-spin-off-waymo/?src=A00237A&ven=BenzingaCP&src=AURLAAM,Investor's Business Daily,2017-05-23 00:00:00,A
492,"Stocks Turn Up; Alphabet At Record High, China Stocks Whacked",http://www.investors.com/market-trend/stock-market-today/stocks-turn-up-alphabet-at-record-high-china-stocks-whacked/?src=A00237A&ven=BenzingaCP&src=AURLAAM,Investor's Business Daily,2017-05-23 00:00:00,A
493,Stocks: Slim Gains Turn Mixed; Nokia Surges On Apple Deal,http://www.investors.com/market-trend/stock-market-today/stock-futures-euro-markets-climb-oil-falls-on-proposed-spr-sale/?src=A00237A&ven=BenzingaCP&src=AURLAAM,Investor's Business Daily,2017-05-23 00:00:00,A
494,Agilent Technologies (A) Beats on Q2 Earnings & Revenues,http://www.zacks.com/stock/news/261475/agilent-technologies-a-beats-on-q2-earnings-revenues?cid=CS-BENZ-FT-261475,Zacks,2017-05-23 00:00:00,A
495,Indexes Extend Gains; Momo Reverses Lower Ahead Of Earnings,http://www.investors.com/market-trend/stock-market-today/indexes-extend-gains-momo-reverses-lower-ahead-of-earnings/?src=A00237A&ven=BenzingaCP&src=AURLAAM,Investor's Business Daily,2017-05-22 00:00:00,A
496,Indexes Extend Gains; Fiber-Optic Names Surge; Oil Heads Higher,http://www.investors.com/market-trend/stock-market-today/indexes-extends-gains-fiber-optics-names-surge-oil-heads-higher/?src=A00237A&ven=BenzingaCP&src=AURLAAM,Investor's Business Daily,2017-05-22 00:00:00,A
497,"Alyeska Investment Group, L.P. Buys Palo Alto Networks Inc, Citigroup Inc, Agilent Technologies ...",http://www.gurufocus.com/news/522455/alyeska-investment-group-lp-buys-palo-alto-networks-inc-citigroup-inc-agilent-technologies-inc-sells-stryker-corp-cisco-systems-inc-diamondback-energy-inc,GuruFocus,2017-05-17 00:00:00,A
498,"Advisors Capital Management, LLC Buys Aircastle, Alphabet, Gaming and Leisure Properties, Sells ...",http://www.gurufocus.com/news/509144/advisors-capital-management-llc-buys-aircastle-alphabet-gaming-and-leisure-properties-sells-kinder-morgan-blackstone-mortgage-trust-ares-capital,GuruFocus,2017-04-24 00:00:00,A
499,"Fox Run Management, L.l.c. Buys Edwards Lifesciences, Walt Disney Co, Devon Energy, Sells ...",http://www.gurufocus.com/news/504977/fox-run-management-llc-buys-edwards-lifesciences-walt-disney-co-devon-energy-sells-american-tower-gilead-sciences-boston-scientific,GuruFocus,2017-04-17 00:00:00,A
500,Scenarios For The Healthcare Bill - Cramer's Mad Money (3/23/17),http://seekingalpha.com/article/4057699-scenarios-healthcare-bill-cramers-mad-money-3-23-17?source=partner_benzinga,Seeking Alpha,2017-03-24 00:00:00,A
